t0,proba,kelly_raw,kelly_pos_voltgt,ret_next,pnl_net
2022-10-18,0.0,-0.5,-0.11220490156378148,0.0007654405995343172,-0.0001419886379055607
2022-10-20,0.0,-0.5,-0.11220490156378148,0.02705894993628921,-0.003036146814020622
2022-10-21,0.0,-0.5,-0.11220490156378148,0.014802927411769362,-0.0016609610130933839
2022-10-24,0.0,-0.5,-0.11220490156378148,0.019337909007628884,-0.002169808176650362
2022-10-25,0.0,-0.5,-0.11220490156378148,-0.019627397898054344,0.002202290249104359
2022-10-26,0.0,-0.5,-0.11220490156378148,-0.03046535912603321,0.003418362621841808
2022-10-27,0.0,-0.5,-0.11220490156378148,0.07555257931718673,-0.00847736972517473
2022-10-28,0.0,-0.5,-0.11220490156378148,-0.015410482081647192,0.0017291316250216415
2022-10-31,0.0,-0.5,-0.11220490156378148,-0.017542692792022585,0.001968376117892553
2022-11-01,0.0,-0.5,-0.11220490156378148,-0.03730514827302034,0.00418582048979652
2022-11-02,0.0,-0.5,-0.11220490156378148,-0.042404921245957516,0.004758040014222569
2022-11-03,0.0,-0.5,-0.11220490156378148,-0.0019470551878429943,0.00021846913569117322
2022-11-07,0.0,-0.5,-0.11220490156378148,0.004175258840094731,-0.0004684845071561377
2022-11-08,0.0,-0.5,-0.11220490156378148,-0.03319019989837091,0.003724103112478938
2022-11-09,0.0,-0.5,-0.11220490156378148,0.0889746884923297,-0.009983396163949974
2022-11-10,0.0,-0.5,-0.11220490156378148,0.019268890733129096,-0.0021620639879540112
2022-11-11,0.0,-0.5,-0.11220490156378148,-0.009485748946022166,0.001064347526747161
2022-11-14,0.0,-0.5,-0.1121032750457144,0.011869407403094057,-0.0013306502559977255
2022-11-15,0.0,-0.5,-0.11180660129743135,-0.008331139191316117,0.0009313280210427442
2022-11-16,0.0,-0.5,-0.11162743467296439,0.012971359135861116,-0.0014480491278701301
2022-11-17,0.0,-0.5,-0.11319780289513058,0.0037816402055887988,-0.00042885854672362504
2022-11-18,0.0,-0.5,-0.11233570185874141,-0.021680256993621416,0.002435035835338154
2022-11-21,0.0,-0.5,-0.11275308651131288,0.0146614514479384,-0.0016533325958170977
2022-11-22,0.0,-0.5,-0.11376212327329484,0.005926233660895841,-0.000674685442658173
2022-11-23,0.0,-0.5,-0.1167085222107181,0.0,-1.4731994687116334e-06
2022-11-25,0.0,-0.5,-0.13423351942872425,-0.026264299149938997,0.0035167868116161593
2022-11-28,0.0,-0.5,-0.13370193361671,-0.021148139334118632,0.002827281328461256
2022-11-29,0.0,-0.5,-0.12918553122065973,0.04859370557271725,-0.006279861869589836
2022-11-30,0.0,-0.5,-0.13807092751928648,0.001891311621944336,-0.00026557784801917395
2022-12-02,0.0,-0.5,-0.13736743803173188,-0.007983011172342125,0.0010962540477795527
2022-12-05,0.0,-0.5,-0.13386299665976933,-0.025370347212218758,0.0033943984834404464
2022-12-06,0.0,-0.5,-0.1384720433364544,-0.013784530081648039,0.0019064675235002842
2022-12-07,0.0,-0.5,-0.20462393045396773,0.012132705605317318,-0.002515717851559672
2022-12-08,0.0,-0.5,-0.21201511607276805,-0.003434975307792909,0.0007245710957794056
2022-12-09,0.0,-0.5,-0.20741233430315442,0.01638984168118718,-0.0034017567128389764
2022-12-12,0.0,-0.5,-0.20920626215492996,0.006782680699956689,-0.0014198762405542107
2022-12-13,0.0,-0.5,-0.2067323878932011,-0.01553599959153018,0.0032105573567339668
2022-12-14,0.0,-0.5,-0.1843185825110487,-0.04685427277502141,0.008624906239786892
2022-12-15,0.0,-0.5,-0.18423542685294514,-0.014578649570990754,0.0026858621488219355
2022-12-16,0.0,-0.5,-0.18602653292303498,-0.01590964048494281,0.002958719706430819
2022-12-19,0.0,-0.5,-0.19082416348212042,-0.0005287364088265578,9.84968676373256e-05
2022-12-21,0.0,-0.5,-0.17894045184905907,-0.023772591221696726,0.004247936359016857
2022-12-22,0.0,-0.5,-0.18080909017892338,-0.002798026379151386,0.0005049742847460572
2022-12-27,0.0,-0.5,-0.22582080963327045,-0.030685214506252723,0.006906854123845391
2022-12-28,0.0,-0.5,-0.20430642783376135,0.028324307455001918,-0.005797595267896373
2022-12-29,0.0,-0.5,-0.2032224152065025,0.00246890144660461,-0.0005022781211994461
2023-01-03,0.0,-0.5,-0.1913737967141574,0.010314259142203852,-0.001979803241583432
2023-01-04,0.0,-0.5,-0.19536465967808714,-0.010604689244857024,0.002069786073831398
2023-01-05,0.0,-0.5,-0.1747618796871593,0.03679410221013013,-0.0064405078536392685
2023-01-06,0.0,-0.5,-0.1784893499093175,0.004088931377425498,-0.0007316944384915663
2023-01-09,0.0,-0.5,-0.17901197083881748,0.00445624660410493,-0.0007979827976093612
2023-01-10,0.0,-0.5,-0.17383410673778454,0.02111235408577583,-0.003672636145683174
2023-01-11,0.0,-0.5,-0.19714087626433655,-0.000599183746900378,0.00010647022414401296
2023-01-13,0.0,-0.5,-0.20253356240807405,0.0,-2.696343071868751e-06
2023-01-17,0.0,-0.5,-0.2096098783370402,-0.005370248699270164,0.0011221190185291842
2023-01-18,0.0,-0.5,-0.22054564084612577,0.00044381423890671456,-0.00010334917699085972
2023-01-20,0.0,-0.5,-0.20799049005362533,0.023500436373823375,-0.004894144853261816
2023-01-23,0.0,-0.5,-0.21297271910585455,0.010063189919790938,-0.002145676034622617
2023-01-24,0.0,-0.5,-0.23819145795557511,-0.004701038243202893,0.0011071377836285522
2023-01-25,0.0,-0.5,-0.249638338709428,0.014803586919778677,-0.003701266285971094
2023-01-26,0.0,-0.5,-0.2480951820853362,0.013684200230088983,-0.0033957557260881717
2023-01-27,0.0,-0.5,-0.23227282725775047,-0.020078009336774283,0.004655664816946281
2023-01-30,0.0,-0.5,-0.29364634893885316,0.009020792166311464,-0.002679609445014121
2023-01-31,0.0,-0.5,-0.2940787933853935,0.007901074578315237,-0.0023237547006622217
2023-02-01,0.0,-0.5,-0.2743444815496455,0.037062439430896266,-0.01017774288655225
2023-02-02,0.0,-0.5,-0.29705292352069373,0.024399790615924566,-0.007259383356738705
2023-02-03,0.0,-0.5,-0.2691032524259834,-0.017928791419579482,0.004810721247528547
2023-02-06,0.0,-0.5,-0.26527137667656414,0.01924493515825687,-0.00510704638135672
2023-02-07,0.0,-0.5,-0.250964860578743,-0.01765284747796092,0.004423091148075367
2023-02-08,0.0,-0.5,-0.2472998161412213,-0.00691195728887084,0.0017074932444949723
2023-02-09,0.0,-0.5,-0.24738547752502255,0.0024565357481798333,-0.0006077540998126572
2023-02-13,0.0,-0.5,-0.24135302968720104,-0.004224882660838536,0.0010166720063473932
2023-02-14,0.0,-0.5,-0.2437875973114986,0.013903440869909689,-0.0033907037278499237
2023-02-15,0.0,-0.5,-0.2371761089196569,-0.010429440041760718,0.00247030826311975
2023-02-16,0.0,-0.5,-0.23704361656918344,-0.007546680883725343,0.0017888262835965398
2023-02-17,0.0,-0.5,-0.24564184726989924,0.0,-4.299115350357902e-06
2023-02-21,0.0,-0.5,-0.2264884028232083,0.0028962213535996817,-0.0006655372708226078
2023-02-23,0.0,-0.5,-0.22515020266693064,-0.01800529781106952,0.004053227351162606
2023-02-24,0.0,-0.5,-0.234114680262948,0.008247548403994331,-0.0019353543963523284
2023-02-27,0.0,-0.5,-0.2348286118802085,-0.003447928652422938,0.0008093153335018462
2023-02-28,0.0,-0.5,-0.23082549099408822,-0.014245894549900884,0.0032863140436878166
2023-03-01,0.0,-0.5,-0.2710616585319799,0.004129427356018178,-0.0011394475116785617
2023-03-02,0.0,-0.5,-0.24961750949610179,0.03508989468510104,-0.00876977419429336
2023-03-03,0.0,-0.5,-0.24890183475303954,0.018539247565818373,-0.004614810571444546
2023-03-06,0.0,-0.5,-0.25352205410724293,-0.014496436354666353,0.003672856212192825
2023-03-07,0.0,-0.5,-0.2608174364249835,0.008377151921220127,-0.0021885549797941296
2023-03-08,0.0,-0.5,-0.25514882704552627,-0.014914430543094603,0.003802565154432831
2023-03-09,0.0,-0.5,-0.2499255985361839,-0.013878680280333566,0.003466025861700028
2023-03-10,0.0,-0.5,-0.2554931264687412,0.013265906493379553,-0.0033921316894017966
2023-03-13,0.0,-0.5,-0.24954039589332302,0.0140890524801085,-0.0035187640989357886
2023-03-14,0.0,-0.5,-0.25531201620603294,0.002621474564760806,-0.0006721797667182691
2023-03-16,0.0,-0.5,-0.24923174740962786,-0.005453886288047216,0.0013562414753452141
2023-03-17,0.0,-0.5,-0.24372450125856007,0.01548378929447014,-0.0037765324464629005
2023-03-20,0.0,-0.5,-0.2674073835386098,0.011944021265401394,-0.0032057609166505274
2023-03-21,0.0,-0.5,-0.26214419179247705,-0.009103396711202971,0.00238377097755153
2023-03-22,0.0,-0.5,-0.2616507276109718,0.006969467574575283,-0.0018238129940394503
2023-03-23,0.0,-0.5,-0.2782115837727959,0.008305767986789725,-0.0023190412941350683
2023-03-24,0.0,-0.5,-0.2688910490045721,-0.01229340459508732,0.003300926190026545
2023-03-27,0.0,-0.5,-0.2686174426095725,-0.003980419735783336,0.0010690733667412901
2023-03-28,0.0,-0.5,-0.27242920328201564,0.01979091734110061,-0.005393529723792488
2023-03-29,0.0,-0.5,-0.27169982803742004,0.009889809860287091,-0.0026874243259850817
2023-03-30,0.0,-0.5,-0.3068228701226966,0.015644335596777692,-0.004817601470008639
2023-03-31,0.0,-0.5,-0.3176541439283972,0.007701586434234242,-0.0024518564825600857
2023-04-03,0.0,-0.5,-0.3366057794655669,-0.003249631987313095,0.0010843690902971788
2023-04-04,0.0,-0.5,-0.322461133449902,-0.011290365009178127,0.0036336315749148597
2023-04-05,0.0,-0.5,-0.3470213442229919,0.0054959487049819344,-0.0019194916127699875
2023-04-06,0.0,-0.5,-0.37541530359985187,0.0,-1.4196979688429979e-05
2023-04-10,0.0,-0.5,-0.34604078390362264,-0.007591223892950527,0.002612185806856396
2023-04-11,0.0,-0.5,-0.3425056284891171,-0.004353110737448929,0.0014891973513054164
2023-04-12,0.0,-0.5,-0.2986292722193305,0.03410348869134383,-0.01020623818617107
2023-04-13,0.0,-0.5,-0.3009397403702181,-0.0021139309092124137,0.000635010584903519
2023-04-18,0.0,-0.5,-0.319415747110545,0.0069681308113003215,-0.0022349687124256635
2023-04-19,0.0,-0.5,-0.3160826810749565,-0.0058462278654618505,0.0018462248448725077
2023-04-20,0.0,-0.5,-0.31049578058604577,-0.009780800919254595,0.003034103965936214
2023-04-21,0.0,-0.5,-0.3222238432750783,0.0018784465416565865,-0.000611144295383881
2023-04-25,0.0,-0.5,-0.33789256650059435,-6.122798045116173e-05,1.2854117843533235e-05
2023-04-27,0.0,-0.5,-0.307413244655459,0.007540978733663772,-0.002333436401315962
2023-04-28,0.0,-0.5,-0.30945160801675753,-0.0005302196518907065,0.00016305814219901528
2023-05-02,0.0,-0.5,-0.3129008378733766,-0.006467366881735215,0.002021919901201166
2023-05-03,0.0,-0.5,-0.3077992529848009,-0.009913259098226379,0.0030487429526345725
2023-05-04,0.0,-0.5,-0.23492125234412978,0.046926835450823656,-0.011060549952974735
2023-05-05,0.0,-0.5,-0.24383416172702768,-0.0004033285689348798,9.388882881534916e-05
2023-05-09,0.0,-0.5,-0.24287638074228476,0.010420855815504781,-0.0025314586351993635
2023-05-10,0.0,-0.5,-0.2723445650283937,0.0010949522080068164,-0.0003129383749595502
2023-05-12,0.0,-0.5,-0.27003158795386006,-0.002897429113927763,0.0007812408960803927
2023-05-17,0.9450696838893617,0.5,0.26934199830021704,0.01366600071601387,0.003411141148496334
2023-05-18,0.9637480369583326,0.5,0.2751117192965779,0.0006284442136330615,0.00017000750759639703
2023-05-22,0.9022741479287554,0.5,0.2663152922316964,-0.01515492915831218,-0.004040387601079006
2023-05-23,0.9998934846929272,0.5,0.2665213051656313,0.0016321199185451718,0.0004348917244105156
2023-05-25,0.9998493728498813,0.5,0.2881872441649371,0.014104844976744912,0.0040540034337221195
2023-05-26,0.9998014704721208,0.5,0.2882852663891176,0.0,-4.9011112090269205e-08
2023-05-30,0.999359262777678,0.5,0.29178736242760756,-0.0002821263064332058,-8.407193884483305e-05
2023-06-01,0.9959467139450582,0.5,0.4657700320230125,0.0047752189295273695,0.002137162538925156
2023-06-02,0.9990918163316502,0.5,0.45055849879071735,-0.007571109234480011,-0.003418833377483999
2023-06-05,0.9986533507013554,0.5,0.47365304949131004,-0.002060214558213702,-0.0009873741834546083
2023-06-07,0.9995392508256241,0.5,0.4378838703828452,0.015465150612897549,0.0067540554168749765
2023-06-08,0.9988118641747479,0.5,0.44719617283298657,0.0021597428747326397,0.0009611725966586781
2023-06-12,0.9989244878412621,0.5,0.4238619029550137,-0.0026115811016861334,-0.001118616870421022
2023-06-14,0.9994027167071855,0.5,0.4304565214626296,0.011198582959412562,0.004817205756765604
2023-06-15,0.9993361217466865,0.5,0.4202833149420355,-0.0058598229486576114,-0.002467872417095531
2023-06-16,0.9983539120074963,0.5,0.42898704331978754,0.0,-4.351864188876009e-06
2023-06-21,0.997199541944993,0.5,0.4440043991753626,0.016525260214347748,0.007329779554760208
2023-06-22,0.9996840116498106,0.5,0.45820826411812576,-0.0017110576585507298,-0.0007911226920019362
2023-06-26,0.9980968556547447,0.5,0.42791255292228864,0.015059131249321345,0.0064288434420909915
2023-06-27,0.9994608291620078,0.5,0.4281599161765566,0.006327750344335525,0.002709165375389742
2023-06-28,0.9995583956261379,0.5,0.4549474540089856,0.0017966187174291992,0.0008039733424030888
2023-06-30,0.9980456346557237,0.5,0.3978552768806935,-0.007784525542057219,-0.0031256606534841515
2023-07-03,0.9990241293700075,0.5,0.40006937882662624,0.0,-1.1070509729663725e-06
2023-07-05,0.9989655832454066,0.5,0.42380676816480206,0.0025086624617196573,0.0010513194356486766
2023-07-07,0.9962839143707619,0.5,0.4162762746679361,-0.010855928239193458,-0.004522830612222332
2023-07-10,0.9995416068443497,0.5,0.416063529265378,-0.0028098863104080163,-0.0011691975878441096
2023-07-12,0.9997410477675832,0.5,0.42094683330306176,0.004057474424008056,0.0017055393579755139
2023-07-13,0.999856225415305,0.5,0.42834216246725265,0.0007872429395110458,0.0003335116785151425
2023-07-17,0.9997437059303684,0.5,0.3972855618855153,-0.0013402495118122193,-0.0005479900806579737
2023-07-19,0.9997706633591233,0.5,0.4090872112349843,-0.01009745057601541,-0.004136638721399965
2023-07-20,0.9994967322843222,0.5,0.40307156386381826,-0.006161636238892543,-0.0024865881784559753
2023-07-21,0.9860013063674272,0.5,0.41306814137071146,0.004220201259388379,0.0017382324016724465
2023-07-24,0.9997001460445747,0.5,0.4369824804403306,0.00451360858551797,0.0019604107059016046
2023-07-25,0.9994287819008788,0.5,0.4391845555158581,0.0045449648308095725,0.001994977321516546
2023-07-26,0.9371476486602434,0.5,0.4300964276751183,-0.006581027086359104,-0.0028350203041966125
2023-07-27,0.0998724224265778,-0.5,-0.4900264074799114,0.013507969176386192,-0.007079323025431418
2023-07-28,0.9894271815270254,0.5,0.5,0.003166017033335411,0.0010879953129277497
2023-07-31,0.008573380805912356,-0.5,-0.49922390948500844,-0.004275917512325922,0.001635028302396254
2023-08-01,0.9795563782004375,0.5,0.4558727000538317,-0.015489947214981092,-0.007538992365354181
2023-08-02,0.9978298916598481,0.5,0.4474680634663683,-0.007321549792266957,-0.003280362025412018
2023-08-03,0.8089263974415607,0.5,0.2774172199660929,-0.04802021135630541,-0.013406658958400588
2023-08-04,0.7553278926133901,0.5,0.27173159503282734,-0.017253682596231945,-0.0046912135045308724
2023-08-07,0.005118692615874595,-0.5,-0.2695914191687627,0.00531170096845468,-0.0017026505093865837
2023-08-08,0.0028721587735021877,-0.5,-0.2730465794580857,-0.008954429284173449,0.0024432487068982134
2023-08-09,0.22420283622138426,-0.5,-0.27488847753883944,-0.0012344802445928282,0.00033842344594751977
2023-08-14,0.9984085052863025,0.5,0.28394670703209846,-0.011200214578695689,-0.0034596816399590116
2023-08-15,0.9947256243920073,0.5,0.28978755687098195,-0.004959119737143691,-0.0014400116177769782
2023-08-16,0.9991079964297669,0.5,0.2868795571371642,-0.014555151347604212,-0.004177029372532004
2023-08-17,0.9990132029689917,0.5,0.2844482543847626,0.0028160784878381584,0.0007998129586998454
2023-08-21,0.9968128034708152,0.5,0.27847918016343753,0.007904876153055573,0.0021983588932857614
2023-08-22,0.9944559073765777,0.5,0.25748232379158276,0.02194886388186834,0.005640946048702673
2023-08-23,0.7308697872788726,0.4617395745577453,0.24333953306447842,-0.026170372248887075,-0.006375357558531317
2023-08-24,0.9390707091305964,0.5,0.2441452838928956,0.012643096073884807,0.0030863494048295518
2023-08-25,0.99128856368866,0.5,0.24107568610045021,0.008846047272547786,0.002131032116610251
2023-08-28,0.995430084123049,0.5,0.22611241070066568,0.02181029427282466,0.004924096578419414
2023-08-29,0.9977669124157585,0.5,0.22070964054452968,0.019172272785244138,0.0042288040497748345
2023-08-30,0.988559067825478,0.5,0.22145340503768568,0.0011723078181280489,0.00025923967583017836
2023-09-01,0.9859073657827614,0.5,0.3097754835568347,0.0,-4.416103925957451e-05
2023-09-06,0.9732434258497757,0.5,0.2320734603572948,-0.029249224554168674,-0.006826819766653247
2023-09-07,0.8647632052467411,0.5,0.23181873419198162,0.00349176106489435,0.0008093282670819975
2023-09-08,0.08962140486736134,-0.5,-0.23282223313304085,0.0066225721069366195,-0.0017742025106840822
2023-09-11,0.00816852278498217,-0.5,-0.22907735857204004,-0.017060579515397856,0.003906320053815095
2023-09-12,0.9814191465024334,0.5,0.22666078668003303,-0.011854735981926101,-0.0029148728561735004
2023-09-13,0.9793767515512664,0.5,0.2296530171647938,0.00878228425891292,0.002015381962415847
2023-09-14,0.9835547889278344,0.5,0.22930483660833895,-0.004153756683461629,-0.0009526505878901921
2023-09-15,0.23969402308421334,-0.5,-0.22463462678041815,0.016913414912552716,-0.004026308378158016
2023-09-18,0.8553841375940171,0.5,0.2250931149095695,0.006180700447061538,0.0011663692451070566
2023-09-19,0.23866848630197823,-0.5,-0.22755659547689355,-0.01999217326074043,0.004323026028205047
2023-09-20,0.485931838574248,-0.028136322851504025,-0.013565134981002756,-0.008889441061412207,1.3590737655779596e-05
2023-09-21,0.9988565501601604,0.5,0.24495465528736707,0.0049444946939745105,0.0010819170981985569
2023-09-22,0.9995203473462634,0.5,0.2456814169747569,0.007380338584779045,0.001812848660418293
2023-09-25,0.999730296436865,0.5,0.24915167848817943,-0.02339843218804638,-0.005831493784400311
2023-09-26,0.9990180716426558,0.5,0.2651961990179324,-0.008897554957739806,-0.002367620015610633
2023-09-27,0.9872939759609457,0.5,0.26504962598313037,0.001525545978928733,0.0004042721046177281
2023-09-29,0.9998200692498335,0.5,0.25713283133749715,0.014835421274846272,0.003810715479162947
2023-10-02,0.9998685827861548,0.5,0.25780874105088797,-0.007769748343158689,-0.0020034469934886597
2023-10-03,0.9999197581311334,0.5,0.29282836812652585,0.007308640095123664,0.0021226673387413405
2023-10-04,0.9999619171639218,0.5,0.33093667651464903,0.007198027928802642,0.002363037286023507
2023-10-05,0.999045461649384,0.5,0.31747885411355303,0.014750461009717108,0.004676230547811082
2023-10-06,0.986103930783337,0.5,0.31584941553122114,0.008451053184799218,0.002668445489750932
2023-10-09,0.022512896423234754,-0.5,-0.33404035456776515,-0.0033519548263440946,0.00079474329363762
2023-10-10,0.9885509336426377,0.5,0.3428414292841083,0.007903905889726337,0.0023713455002349225
2023-10-11,0.017324055291522398,-0.5,-0.3458507558219601,0.005061240929550959,-0.0020947800934352735
2023-10-12,0.00375397457844944,-0.5,-0.33814280786575507,-0.010292685068853613,0.0034765434556819907
2023-10-13,0.02251253348007697,-0.5,-0.358393263513445,-0.0007270348856993625,0.00025043917755007407
2023-10-17,0.9519081131723914,0.5,0.38744977555819893,-0.00739482837786154,-0.0032380461148296758
2023-10-18,0.7624844069476969,0.5,0.39615221669794326,-0.002161045279252538,-0.0008604540983303909
2023-10-20,0.25239194291105055,-0.4952161141778989,-0.37855588752538766,0.0006940306236222771,-0.0006500834308067948
2023-10-24,0.9298699173489543,0.5,0.4352584464483676,-0.013491721532189471,-0.006279292921001656
2023-10-25,0.9345757557009073,0.5,0.36712885342896084,-0.02460555653264196,-0.009067474554320023
2023-10-26,0.04930281036319323,-0.5,-0.3614660558866316,0.007969098933711116,-0.003244856215196715
2023-10-27,0.9996929498037417,0.5,0.36800553479087944,0.012305534027990062,0.004163768835519092
2023-10-30,0.9934791388222013,0.5,0.37152652502865313,0.002818617260621714,0.0010454305811056803
2023-11-01,0.9974526554829005,0.5,0.3212130700350432,0.020693124000118024,0.006621745161196939
2023-11-02,0.13485255674932706,-0.5,-0.3326563288090458,-0.005181117854226369,0.0013965969450919003
2023-11-03,0.995299769910172,0.5,0.32341600753149746,0.014605171135800399,0.0043955099698845595
2023-11-06,0.9970407403079201,0.5,0.3129175767035802,0.01445072468116404,0.00451663653342651
2023-11-07,0.9959784016046385,0.5,0.314276169913253,0.005885083210220632,0.0018488621143240955
2023-11-08,0.9990591342661694,0.5,0.3147071844351172,-0.002624600050313286,-0.0008261959993632932
2023-11-10,0.9938690185335907,0.5,0.29185726183203164,-0.008583666539947021,-0.0025166303741297096
2023-11-13,0.9999026569658881,0.5,0.2911119160772943,0.014285585814685753,0.004158331585922416
2023-11-14,0.9999863153191628,0.5,0.2963842053031452,0.003040980666597193,0.0008986624935987122
2023-11-15,0.9999818187667736,0.5,0.29674421751041646,0.009042246832762224,0.002683054454820432
2023-11-16,0.9999605634287879,0.5,0.31490360291923924,-0.00010552819293963012,-4.231090087065754e-05
2023-11-20,0.9999890312406857,0.5,0.31042495740233367,-0.004230829110849932,-0.001315594269270596
2023-11-21,0.9998804135550166,0.5,0.3317152345938256,0.003514437728304287,0.0011551473969141023
2023-11-22,0.9991297338951515,0.5,0.4185664920306649,0.0,-4.342562871841965e-05
2023-11-24,0.565908948338328,0.1318178966766561,0.10421098782921395,-0.000947643870913395,-0.0002559326559989105
2023-11-28,0.8440903089575483,0.5,0.40523797275976164,-0.005409713723859233,-0.0023427349151326506
2023-11-29,0.05212514888635682,-0.5,-0.4447651693921994,0.0030627247922658807,-0.0017871948821098036
2023-11-30,0.9830514174779258,0.5,0.4567584991264825,0.006791448481305196,0.002651289980956449
2023-12-01,0.999891235978408,0.5,0.4493202543074067,-0.00946460166559282,-0.004256356349712009
2023-12-04,0.9980949020899456,0.5,0.41994221454302477,0.021063320991868473,0.008830688643073636
2023-12-05,0.04251991760296074,-0.5,-0.41133249203063743,-0.0056870739358594324,0.0019236409411127146
2023-12-06,0.2238157525790054,-0.5,-0.40868957981977755,0.010139163053376254,-0.004145091744113984
2023-12-07,0.9989319027298335,0.5,0.46948621545011837,0.007412398761706518,0.0030409311444057887
2023-12-08,0.9985303926893079,0.5,0.44916317355784274,-0.01292736107047654,-0.005816656045089491
2023-12-11,0.9952221647820572,0.5,0.4696256284142986,0.007920131642944694,0.0037092655725136452
2023-12-12,0.9978901674662869,0.5,0.434472391324639,0.016691420249771882,0.007234384651978063
2023-12-13,0.9994341864948487,0.5,0.44084145916643014,0.0007578166113340057,0.00033089244680014696
2023-12-18,0.9976107833984198,0.5,0.43371598328784944,0.00536022189980101,0.002321251173973969
2023-12-19,0.9651037580475833,0.5,0.41414015908568336,-0.0107139179200747,-0.004446851583951773
2023-12-20,0.9984167238246865,0.5,0.4138749651185122,-0.0007700700392522242,-0.0003188453076179112
2023-12-22,0.9960815519616286,0.5,0.4170269739970121,0.0,-1.5760044392499617e-06
2023-12-29,0.999242442843931,0.5,0.4363207085626457,0.0,-9.646867282816802e-06
2024-01-02,0.99987607247171,0.5,0.35014470545271464,-0.007487505144452955,-0.002664798284935131
2024-01-03,0.003645652499553118,-0.5,-0.3552220014120388,-0.01270006871763929,0.004158660474517877
2024-01-04,0.00046145225497329963,-0.5,-0.3654846975628941,-0.004013087940095916,0.001461590884003826
2024-01-05,0.9999439544312491,0.5,0.3192999674751171,0.02417495170980377,0.007376668962133864
2024-01-08,0.9488775942634434,0.5,0.32562156289233274,-0.002263581155222516,-0.0007402316312057955
2024-01-10,0.9766302790570712,0.5,0.34821754036224245,-0.0032225571063367875,-0.0011334488979804164
2024-01-11,0.9954832321247034,0.5,0.3463990277922884,0.0017781697206036284,0.000615047006181805
2024-01-16,0.9966968357979603,0.5,0.35105815447688776,-0.005173403630483131,-0.0018184950942237387
2024-01-17,0.9975263040400283,0.5,0.2818117987878567,0.032570737895888824,0.009144195056443725
2024-01-18,0.9998159424992346,0.5,0.27199413902991415,0.015533018759410933,0.00421998123412251
2024-01-19,0.8221853299205383,0.5,0.2665571790248999,0.012163135021040716,0.003239452479305073
2024-01-22,0.9920232037710485,0.5,0.2655699419214406,0.006653361478090147,0.0017664392027670211
2024-01-23,0.9997435216433624,0.5,0.2650116555311167,-0.0034840148124437587,-0.0009235836765358155
2024-01-24,0.9927760779988175,0.5,0.2649895844740024,-0.001696712250150112,-0.00044962210966778494
2024-01-26,0.9993654239437685,0.5,0.2627671342839378,-0.003585809601739154,-0.000943344138231858
2024-01-29,0.9926666667125229,0.5,0.3002545951162966,-0.01924584395053852,-0.005797396813456549
2024-01-30,0.9951140470963785,0.5,0.28509778707019606,-0.019357637944109496,-0.0055263981447947275
2024-01-31,0.9050083793737861,0.5,0.2861132750150908,0.01334064123133194,0.003816426809525288
2024-02-01,0.987158730695887,0.5,0.2853833989314279,-0.005405061314732285,-0.001542879707472903
2024-02-02,0.9998140656430966,0.5,0.3073242990536462,0.009846482082179753,0.00301509275398907
2024-02-05,0.9954024682464504,0.5,0.30471070927371335,0.00863179583381668,0.002628893835938198
2024-02-06,0.39310646619062745,-0.2137870676187451,-0.13075838936023423,0.0005812151428410406,-0.0002937333052666467
2024-02-08,0.3650892185833742,-0.26982156283325165,-0.16399620986079685,0.0040940084954168565,-0.0006880207866365493
2024-02-09,0.9991105254210588,0.5,0.29917440146869423,-0.009001946659368598,-0.0029247373095344573
2024-02-12,0.9987470948057229,0.5,0.3004470100810288,-0.011274377006396885,-0.0033879891664044116
2024-02-13,0.9994328654960835,0.5,0.30064784640508124,-0.0048097566858283924,-0.0014461434074887732
2024-02-14,0.9999789935549593,0.5,0.3756925266313842,-0.001574892256622551,-0.00062919759117588
2024-02-16,0.9281802085552465,0.5,0.4318751827168656,0.0,-2.80913280427407e-05
2024-02-20,0.9118391386515166,0.5,0.4380695237164317,0.004185924030540633,0.0018306285758723183
2024-02-21,0.3479396350784482,-0.30412072984310357,-0.24969866876249894,0.011243975237646087,-0.003151489744678196
2024-02-22,0.29594650589618315,-0.4081069882076337,-0.3335956416369332,-0.010034157664068566,0.003305402777793887
2024-02-23,0.6281091273841101,0.25621825476822013,0.20801390848867662,-0.007451198159029615,-0.001820757627046187
2024-02-26,0.8619266182609263,0.5,0.43199886669300447,0.008114285791847475,0.0033933697869990937
2024-02-27,0.005105312529574533,-0.5,-0.48580572488337176,-0.006625319707944666,0.002759715947513959
2024-02-28,0.001772919551597746,-0.5,-0.5,-0.0036930833891722914,0.0018394445570278316
2024-02-29,0.0011495875888677908,-0.5,-0.5,-0.006030435397010536,0.003015217698505268
2024-03-01,0.00036834286026589315,-0.5,-0.45278446078865203,-0.02538123867164843,0.011468622696484743
2024-03-04,0.999867657120531,0.5,0.3949567973919236,-0.028441038848694533,-0.011656852247269962
2024-03-05,0.9139128645054546,0.5,0.3990256494170875,-0.005878137858539523,-0.0023475622023794835
2024-03-06,0.9999949308425663,0.5,0.3964706921835486,-0.0007096236931619648,-0.0002826224754345398
2024-03-08,0.8947164779140885,0.5,0.3575802252790211,0.011831470985495418,0.00421125482692339
2024-03-11,0.9981901167783106,0.5,0.3591467357555641,0.002778671609215966,0.0009971675829483029
2024-03-13,0.9981567130682615,0.5,0.3378951558827887,0.010927317773563816,0.003681661952542725
2024-03-14,0.9973369385208698,0.5,0.3401227596777476,-0.0021965214193262472,-0.0007482007287300057
2024-03-18,0.9962189620494354,0.5,0.3197985535708877,0.013584971559415626,0.004334292151949334
2024-03-19,0.07533074173934869,-0.5,-0.30709474823488303,0.014709222118785004,-0.004830571514202139
2024-03-20,0.25043531179943745,-0.4991293764011251,-0.25459389377573277,-0.040857469961284476,0.010375811940038877
2024-03-21,0.9795627058773352,0.5,0.25385297275916546,0.005310188624557677,0.0010937837349884211
2024-03-22,0.9673551298257034,0.5,0.253593447219144,-0.008300415671985473,-0.0021050607863806144
2024-03-25,0.9126418161868262,0.5,0.2571394889475844,-0.006672487785141179,-0.0017175331199444225
2024-03-26,0.2161214909425983,-0.5,-0.2410725064137604,0.021212616529390438,-0.0053628846320147895
2024-03-27,0.9931306135017766,0.5,0.2393931752493928,-0.010559133221046402,-0.0027680172704992235
2024-03-28,0.05536409154263087,-0.5,-0.2395935972747714,0.0,-0.00023949338626208213
2024-04-01,0.08048141999809959,-0.5,-0.2788189146533592,-0.006998783492263905,0.0019317805585175748
2024-04-02,0.7807189070348729,0.5,0.27926148624228864,0.0047973799869927,0.001060683264788769
2024-04-03,0.8725840385237518,0.5,0.2782797176254336,-0.004892330855129745,-0.001361927333204129
2024-04-04,0.9256802536323798,0.5,0.2817481377442685,0.00450181449014031,0.0012666436390077784
2024-04-05,0.9875598749162182,0.5,0.28691256651786323,-0.006663551547548385,-0.0019144388910179839
2024-04-08,0.9909427956878717,0.5,0.28458154352414444,0.0072425185396578495,0.002059921593521204
2024-04-09,0.9560071421741446,0.5,0.28547952498381485,-0.011139188269210787,-0.003180459166529413
2024-04-10,0.8923385547610432,0.5,0.23093329380391983,0.04327076283889886,0.00996538667220522
2024-04-11,0.9854243922252868,0.5,0.22984531429358318,0.008626706925510375,0.0019822641748573943
2024-04-12,0.015517705414218635,-0.5,-0.22003444155380067,-0.02186364156674614,0.004585814284547758
2024-04-15,0.005685962547409259,-0.5,-0.2177378538389223,-0.019167162511331104,0.004172268535541643
2024-04-16,0.002911755982640651,-0.5,-0.22281942476346103,-0.008147283697393704,0.0018128322813757197
2024-04-17,0.046485160497231115,-0.5,-0.26131000090025447,-0.005714378238104945,0.0014739788944752009
2024-04-18,0.09257003782684976,-0.5,-0.2592243869629268,-0.012212532043877511,0.0031647433253705836
2024-04-19,0.8917991327696806,0.5,0.25912378699937005,0.005090746922927769,0.0010599595343432854
2024-04-22,0.983322338888828,0.5,0.25835656748899277,0.006391809172793916,0.0016509822681725057
2024-04-23,0.9849502658198214,0.5,0.26861780410550246,0.012702150613279617,0.003406893186848277
2024-04-24,0.9868723129092181,0.5,0.270819419477346,0.0051472474287630465,0.0013928737528779483
2024-04-25,0.5303942745340391,0.06078854906807818,0.032886103934431934,-0.0034727857169091214,-0.00023317304979974114
2024-04-26,0.9271979743842911,0.5,0.2531719161917257,0.024807972595835892,0.006170539052790945
2024-04-29,0.9881609630744885,0.5,0.24455626226122373,-0.018270817005367146,-0.0044725505422566455
2024-04-30,0.9993051987805374,0.5,0.24402881169911866,-0.006047103726853242,-0.0014759312619663611
2024-05-01,0.9994637377825041,0.5,0.23339703082111804,0.02203195385387402,0.005136876722243085
2024-05-02,0.12244895672084047,-0.5,-0.1815229838661612,0.05981618182259041,-0.011065471815261083
2024-05-03,0.0011835281341320066,-0.5,-0.1808832319244116,-0.009106791110920387,0.0016469459326329077
2024-05-06,0.8397525113473314,0.5,0.18100404993697372,0.003797308087637008,0.0005063845017900306
2024-05-07,0.06280614118303761,-0.5,-0.18355404017881968,0.0018640882191292008,-0.0005244399689288025
2024-05-09,0.9925229486224942,0.5,0.20318055777107877,-0.006890325741521264,-0.0015933475263616615
2024-05-10,0.9994088336864042,0.5,0.20975640352926794,0.01764553089942411,0.0036979751769486754
2024-05-13,0.9833089625228902,0.5,0.22007245462299774,0.006173457937272531,0.0013534500162205294
2024-05-14,0.9977212365861006,0.5,0.22313811147296395,0.012217935677371061,0.0027247542647217443
2024-05-15,0.0308182984602839,-0.5,-0.22551333571144333,0.0006324432208688613,-0.0003669501039784297
2024-05-20,0.9999997864888132,0.5,0.23270082582525112,0.006857311334965255,0.0013665949298189229
2024-05-21,0.9999999398884448,0.5,0.22883040310040295,-0.007538450453831835,-0.0017269618674651786
2024-05-22,0.9982983604234631,0.5,0.2145536412985432,-0.021058059561675946,-0.004525221738540109
2024-05-23,0.650517682021555,0.30103536404311004,0.12871031164926988,0.016588130386485878,0.0020921417668986844
2024-05-24,0.8210050690851525,0.5,0.22034908307303006,0.0,-4.581938571188009e-05
2024-05-30,0.999992220082544,0.5,0.41963771693570967,0.005018582096312008,0.002006342016219459
2024-05-31,0.9544941167139085,0.5,0.43468092042419415,0.009258823144343564,0.00401711216468385
2024-06-03,0.8495295453800993,0.5,0.43428338853136783,0.001649210870395823,0.0007160261192518514
2024-06-05,0.939794883606314,0.5,0.4234245554626214,-0.007096527044226142,-0.003010273225564298
2024-06-06,0.7881792581152233,0.5,0.42590276604527666,0.012391992854015044,0.0052765449280469815
2024-06-07,0.9879134111141905,0.5,0.3932289065577125,-0.019147682172531266,-0.007545759053562856
2024-06-10,0.008680201320128197,-0.5,-0.20390356158879028,0.07264908427307137,-0.015111973263516676
2024-06-11,0.9991645975036041,0.5,0.19672962651751966,0.02857829768538389,0.005421881236098915
2024-06-12,0.9987860523192438,0.5,0.19714667402457342,0.005491176654266239,0.001082358690116447
2024-06-13,0.9996920223761864,0.5,0.19483039598577606,-0.008168428738169253,-0.0015926163446585073
2024-06-14,0.6581014240836949,0.31620284816738975,0.12166733282137296,0.019671571564688684,0.002356806113098233
2024-06-17,0.10288585869896431,-0.5,-0.18870070491792018,-0.010984472180577853,0.001917593624756678
2024-06-18,0.999890102000322,0.5,0.19051011342401974,0.0,-0.00018960540917096997
2024-06-20,0.2760058672489019,-0.44798826550219617,-0.16907131337639847,-0.010444428195132582,0.0015860624790163436
2024-06-21,0.3511930652228862,-0.29761386955422764,-0.11246390228185528,0.003132677841896303,-0.0003806168802388307
2024-06-24,0.04337881113070308,-0.5,-0.18922965044224474,0.004468146354872804,-0.0008838886469375655
2024-06-25,0.18361832795047714,-0.5,-0.18681931392520612,0.019993287512629854,-0.0037363374244774195
2024-06-26,0.9969510894485637,0.5,0.18678124598379173,0.0039859002637547825,0.0005576911376767434
2024-06-27,0.9981280663580616,0.5,0.18144056448948842,-0.016254207583007774,-0.0029518429399374053
2024-06-28,0.9904054242260927,0.5,0.17565402202796565,0.029104673541026305,0.005109459696061422
2024-07-01,0.9743448239218453,0.5,0.17484008396415324,0.016239865573180134,0.00283897249134947
2024-07-02,0.9454107931755996,0.5,0.17485474174724577,0.005811054234531987,0.0010160830585667835
2024-07-03,0.9780137068476129,0.5,0.17628680269017144,0.0,-7.160304714628335e-07
2024-07-05,0.9998889981163511,0.5,0.1820286660882674,0.006538879832445055,0.0011873926419123987
2024-07-08,0.8197655116451128,0.5,0.26513373685192837,0.0037748417448426608,0.0009592853624529577
2024-07-09,0.5113976074495736,0.022795214899147265,0.012710410092903381,0.01880356507674441,0.00011278935995450522
2024-07-10,0.02354969326840506,-0.5,-0.2535537715607426,-0.023220857329659728,0.005754603863982315
2024-07-11,0.9736303894999544,0.5,0.2551193492919305,0.013050844577096488,0.003075186415792639
2024-07-12,0.9862041175601788,0.5,0.25768173905753544,0.016743367797082076,0.004313178936749243
2024-07-15,0.9147904876453099,0.5,0.26521444179110865,0.001791944082544683,0.0004714830982061818
2024-07-17,0.034108770089911006,-0.5,-0.24145296109158515,-0.020534854784360568,0.0047048677918282164
2024-07-18,0.36594353319458367,-0.26811293361083266,-0.13221720809162113,0.0005799316802006516,-0.00013129482413999502
2024-07-23,0.01836380683496823,-0.5,-0.22908245319818576,-0.02875436516018648,0.00653868788849868
2024-07-24,8.908755440073697e-05,-0.5,-0.22848319564065073,-0.004804554009868567,0.001097460225024105
2024-07-25,0.7123825822130767,0.4247651644261534,0.20016689123019044,0.0021611047299225916,0.00021825657197604488
2024-07-29,0.9923145330612332,0.5,0.265421174532769,0.002565918009612256,0.0006484218302147805
2024-07-31,0.06395818385086516,-0.5,-0.2507200503434545,-0.01675072066025418,0.00394167091478996
2024-08-01,0.9998455626508876,0.5,0.2648800833566671,0.006869356072107369,0.0015617555421363661
2024-08-02,0.6440335714323644,0.2880671428647288,0.12412004177429053,-0.048166981549923715,-0.006048867782909201
2024-08-05,0.5765020680500936,0.15300413610018726,0.06614589577973148,-0.009748226730079024,-0.0006737922623222792
2024-08-06,0.8988974181420915,0.5,0.22115212926002736,0.012498294757956385,0.002686521381101345
2024-08-07,0.1756813689368782,-0.5,-0.21990730104643377,0.01663331197462692,-0.0038783164589567642
2024-08-08,0.6384684988155365,0.27693699763107293,0.12155689305061264,0.013735950242030892,0.0014989673374705627
2024-08-09,0.8054281953571658,0.5,0.22540132050768655,0.007129823672851421,0.001555149457119137
2024-08-12,0.6424274427101562,0.28485488542031234,0.12397475141335314,0.017193017197668414,0.0020807867485792804
2024-08-13,0.7735341568529176,0.5,0.22825197477207088,0.0020338127254488914,0.0004120831592209182
2024-08-15,0.5867869419497214,0.17357388389944273,0.0805735638604633,0.00591846921354322,0.00040303295167780687
2024-08-16,0.7750889521462275,0.5,0.2321695084170518,-0.0007078632498803694,-0.00024014223502951632
2024-08-22,0.8744322318243235,0.5,0.2525781390605945,0.010288167272858306,0.002588361828800891
2024-08-23,0.9823168419197187,0.5,0.25258803948082903,0.001498852596203415,0.00037858728853565403
2024-08-27,0.9999871045023249,0.5,0.25571333395662554,-0.006753503508516889,-0.0017285235452885199
2024-08-28,0.9982806935572631,0.5,0.26174838641394765,0.014570115729221955,0.003810686755759664
2024-08-29,0.4980072973387367,-0.0039854053225265584,-0.0020823430086955043,-0.00343781492344708,-0.0001247566548402925
2024-08-30,0.5905298154742297,0.18105963094845934,0.1636370653216498,0.0,-8.285970416517265e-05
2024-09-03,0.4782896601776374,-0.04342067964472518,-0.030689479459687283,-0.00861894497077964,0.00016734766225424822
2024-09-04,0.577521249044076,0.15504249808815196,0.11446435480688659,0.006927877935742677,0.0007204181609623639
2024-09-05,0.75437873744857,0.5,0.3758023336056223,-0.0070149809225359405,-0.002766915190287296
2024-09-06,0.5294715776150438,0.05894315523008764,0.04473943995492291,0.0004075081184016227,-0.0001472997618309767
2024-09-10,0.9793083432037557,0.5,0.3944830734128801,0.011585072193410095,0.004395243067837532
2024-09-11,0.07250306570726277,-0.5,-0.4171858416540163,0.0004941944544332166,-0.0006120053869469171
2024-09-16,0.13170177191943916,-0.5,-0.35076288146358636,0.0021725488667589943,-0.000795260980720049
2024-09-18,0.9792542326786534,0.5,0.26367597769438783,0.03706556062944655,0.00946607850818094
2024-09-19,0.031087943067400987,-0.5,-0.2663543521359363,-0.002927512272316024,0.0005147404697475751
2024-09-23,0.4784084100744678,-0.043183179851064346,-0.02282553247419619,0.003973957137472839,-0.00021247209752332005
2024-09-24,0.08101454597011461,-0.5,-0.2651867898671736,-0.004398157699638028,0.0010451526930001125
2024-09-25,0.02687361145798622,-0.5,-0.271952598589649,0.005080296091350078,-0.0013849826280087282
2024-09-26,0.43735622833072796,-0.12528754333854408,-0.06821648205472497,0.0011865908962584992,-0.00018281311484837995
2024-09-30,3.299241384165901e-06,-0.5,-0.25183231242264276,-0.02914169158910973,0.007247011665609023
2024-10-01,0.022477341562304715,-0.5,-0.2546318845051903,0.0025197504808649462,-0.0006430085994667745
2024-10-03,0.08570489177316899,-0.5,-0.2561275359026737,0.00500726954838715,-0.001283247436727636
2024-10-04,0.9342702436822219,0.5,0.2407039083412196,-0.02253082504022219,-0.005671673367455644
2024-10-07,0.019698245032444935,-0.5,-0.23361977671315398,0.018404132056073275,-0.0045367310640664245
2024-10-08,0.9040540942616662,0.5,0.2306463670209892,0.0166983296102583,0.003619275988058016
2024-10-09,0.22431697685097618,-0.5,-0.23035391824633347,-0.0021782560941548956,0.00027126968359887324
2024-10-11,0.9907248623789293,0.5,0.246636552515853,0.01647985820184883,0.003826040177473007
2024-10-14,0.8592150559720877,0.5,0.24522366026842085,0.011024667131840804,0.002702802781187239
2024-10-15,0.9972354460343154,0.5,0.2471906156433978,-0.008851953433846371,-0.002189103296646662
2024-10-16,0.7348260875248923,0.4696521750497846,0.2917022814729686,0.0015964743961565109,0.0004434393907572487
2024-10-18,0.8822642735278661,0.5,0.2900703861866935,0.006297809827578771,0.0018259921811729903
2024-10-21,0.9994031348882803,0.5,0.2892408075058623,-0.002621650834900069,-0.0007587031938253296
2024-10-23,0.9959405492813242,0.5,0.2697796902873385,-0.000823289452242415,-0.00023183733205205315
2024-10-25,0.9491875655104448,0.5,0.28666267043240923,0.00859935641457632,0.0024566729837299807
2024-10-28,0.9709728193882807,0.5,0.33636606909687006,0.0011568288269685478,0.0003642662658131233
2024-10-30,0.9675332639041274,0.5,0.3012915939139751,-0.018209488262373785,-0.005503902980519866
2024-10-31,0.8219258166044194,0.5,0.29451215322509827,-0.013279677549576596,-0.003914416149605238
2024-11-01,0.9993745845128519,0.5,0.3200430525800682,-0.00403749272313958,-0.0013049369455608883
2024-11-04,0.6460758009424101,0.29215160188482026,0.1985990011243303,0.006486217676457073,0.0012274343258914804
2024-11-05,0.9937724135735151,0.5,0.3644828056325375,-0.0032669737018221623,-0.0012736976430219623
2024-11-06,0.9323605447146341,0.5,0.3271537162224914,0.021372178566067213,0.0069733230969545425
2024-11-07,0.8140259947185471,0.5,0.32972261251417057,-0.0011882147854568315,-0.00039306573143463075
2024-11-11,0.9286933886543315,0.5,0.35374378366957804,0.0,-1.2010585577703736e-05
2024-11-13,0.6069074423192187,0.21381488463843734,0.1449698734375535,0.013770574320934648,0.0018919314613523076
2024-11-14,0.19744093909181176,-0.5,-0.3408502029933472,-0.014109229105216725,0.004566223566377313
2024-11-15,0.9415920485583188,0.5,0.32926564685178794,0.013422248295838157,0.004084427342411891
2024-11-18,0.8751149959595877,0.5,0.32883730777289477,0.0011401107231050478,0.00037469677120942563
2024-11-20,0.9079481297261448,0.5,0.35953496081810066,-0.0020960694718709094,-0.0007689590819637273
2024-11-22,0.9874211454671414,0.5,0.3496581822137548,0.01305088708833968,0.004558411066283642
2024-11-25,0.7491081032441577,0.4982162064883153,0.34324335414014007,0.009404445196126154,0.0032248058989086613
2024-11-26,0.0036492828614754385,-0.5,-0.3640661788558337,-0.0005531451949134514,-0.00015227330903338132
2024-11-29,0.3442844576128121,-0.31143108477437575,-0.2704831088546418,0.009522512328661525,-0.0026224702737636194
2024-12-02,0.9976928693108748,0.5,0.4240776786680186,0.012771833107112718,0.005068968942638379
2024-12-03,0.912233823132049,0.5,0.4312409415926214,0.0014836497506194313,0.00063622888398848
2024-12-09,0.0397574850404971,-0.5,-0.5,0.004133722606175283,-0.002532481773883952
2024-12-10,0.7623397632053628,0.5,0.4913340258369412,-0.005165998523523618,-0.003033897864949024
2024-12-11,0.9977891623392081,0.5,0.5,0.005963659794566922,0.0029774969102019317
2024-12-12,0.9993392362160456,0.5,0.5,0.0006856741409451139,0.00034283707047255696
2024-12-16,0.9996159866214895,0.5,0.5,0.009719616841789014,0.004859808420894507
2024-12-17,0.9995166530993975,0.5,0.4461962774833272,-0.021421768297346322,-0.009585215132644617
2024-12-18,0.9789387996815504,0.5,0.45168105404087616,0.007014636544004471,0.0031656360396308137
2024-12-19,0.9695136665692522,0.5,0.42185093140514796,0.018815829425706143,0.007922560107076662
2024-12-20,0.590217519759318,0.18043503951863604,0.1554937542942901,0.0030649380938103654,0.00034340014233072994
2024-12-23,0.9943688365546685,0.5,0.4274135150043056,0.01147820937438282,0.0047699819343053245
2024-12-24,0.9790575773251935,0.5,0.4282166829846434,0.0,-4.0158399016890223e-07
2024-12-26,0.6716993942251928,0.3433987884503855,0.27170673326887657,-0.013242202847801088,-0.0036762506519177314
2024-12-27,0.8958423988448564,0.5,0.37168712641020185,-0.01326336148267826,-0.004979810912607099
2024-12-30,0.9883290650215116,0.5,0.37447762519560535,-0.007057864335583752,-0.002644407524734864
2024-12-31,0.5982163095036058,0.19643261900721165,0.14702384389702128,0.0,-0.00011372689064929203
2025-01-02,0.08817482850726056,-0.5,-0.318406712390909,-0.002009429038061228,0.0004071004156479372
2025-01-06,0.9827705284705178,0.5,0.3260167442244134,-0.011387776998101784,-0.004034817709182468
2025-01-07,0.9549455728577042,0.5,0.3266437607739987,0.0020230349963117344,0.0006604982510978849
2025-01-10,0.983951404892727,0.5,0.30894456468141995,-0.010344148734474867,-0.0032046181258184887
2025-01-13,0.7014554191242549,0.4029108382485098,0.25719601591931535,-0.00477817804434344,-0.0012548026307393307
2025-01-14,0.8266657225965044,0.5,0.3089692761509019,0.019675915137548072,0.006053366627539009
2025-01-15,0.9603711057624497,0.5,0.2566053209018039,-0.04040021104804048,-0.01039309109810758
2025-01-16,0.40280519510567936,-0.19438960978864128,-0.1050248982853749,0.007535254651194867,-0.0009722044628897283
2025-01-17,0.9405896168690336,0.5,0.27161371459443845,0.0,-0.00018831930643990668
2025-01-21,0.986545632098528,0.5,0.25625604439881355,0.005345022645830477,0.0013620155253447862
2025-01-22,0.9976151269518478,0.5,0.25830994637130966,-0.0007595248119419695,-0.00019721976442665725
2025-01-24,0.9765168875888643,0.5,0.22465451586632462,0.0317802621637584,0.007122751695251525
2025-01-27,0.4728900449776222,-0.05421991004475557,-0.02141420861445515,0.03654397781653196,-0.0009055947268056264
2025-01-28,0.9872698183659876,0.5,0.19688814170292843,0.004616767012398215,0.0007998355025877735
2025-01-29,0.999456305808564,0.5,0.20547494617962195,-0.007394694472410257,-0.0015237178509715924
2025-01-30,0.2526900989903767,-0.4946198020192466,-0.20280722830379788,-0.006692159687602506,0.0011530772703673643
2025-01-31,0.8636056775994346,0.5,0.1919750908552887,-0.03385597230587034,-0.006696894518993139
2025-02-03,0.9895384290578767,0.5,0.18601378281506611,0.021007917727361436,0.003904781591514076
2025-02-04,0.8603189238159041,0.5,0.18619118368530008,-0.001417632381586209,-0.00026403935159326425
2025-02-06,0.9856592059480789,0.5,0.1859953650600302,-0.023968762146886702,-0.0044581765748598606
2025-02-07,0.7850561221739009,0.5,0.18684312576734238,0.001187337666050725,0.0002214220005125623
2025-02-11,0.9951678399339144,0.5,0.18188483559201865,0.01827014749510436,0.003320583628301326
2025-02-12,0.9997761146198032,0.5,0.20018650816527658,0.01967323592804604,0.003929165568460572
2025-02-13,0.9344476516314303,0.5,0.19913334752859146,0.012710684479589673,0.0025305945694820615
2025-02-14,0.007928784247179356,-0.5,-0.19913334752859146,0.0,-0.00019913334752859148
2025-02-20,0.6599252573374731,0.3198505146749462,0.14202422581603766,-0.0011390436550645644,-0.0003323505799535292
2025-02-24,0.999885708539283,0.5,0.27312495634237266,-0.00024284399473972762,-0.00013187712072446298
2025-02-26,0.01189535329580947,-0.5,-0.24472099781967316,-0.012730935987990133,0.002856604381078309
2025-02-27,0.0053460646665443486,-0.5,-0.23743731629527037,0.019131905122169668,-0.004546270048585904
2025-02-28,0.009704323364141102,-0.5,-0.265537154182701,-0.015754251313333967,0.0041692891410780655
2025-03-03,0.02006883080403822,-0.5,-0.2753898720331441,-0.0088223823459046,0.0024246683863409155
2025-03-04,0.2889373402430804,-0.42212531951383925,-0.23257526144559765,-0.0008052953828132647,0.00016588447890495447
2025-03-07,0.7853091769756863,0.5,0.21995828594414998,-0.04847955156408401,-0.010889745839071827
2025-03-10,0.1668099410329393,-0.5,-0.2151066697213671,-0.02918941424893018,0.006061305212372032
2025-03-11,0.0001948252524709703,-0.5,-0.2201777512620934,-0.017478699758893934,0.0038458852671281974
2025-03-12,0.5804545849578667,0.16090916991573345,0.06991907022441733,-0.033643680889180905,-0.0024973832974417823
2025-03-13,0.9997390546752408,0.5,0.2128220101036393,0.018170585220316893,0.00379564900140771
2025-03-14,0.9962484582085248,0.5,0.21216659251925712,0.002388888765495034,0.000506514680490425
2025-03-18,0.9926748365496522,0.5,0.20808101621723732,0.011989226467345793,0.0024926876388329006
2025-03-19,0.9001501000753409,0.5,0.20988207163923644,-0.005296369796450651,-0.0011125135927575432
2025-03-20,0.999174900514885,0.5,0.19984788442910784,0.019476892079065333,0.0038873985836501905
2025-03-21,0.0003495955034133332,-0.5,-0.1977856471573684,0.01127038115604373,-0.002427936396451557
2025-03-24,0.043832505853087976,-0.5,-0.19325354854059562,0.013681912241200633,-0.002646344140741422
2025-03-25,0.9907450040195701,0.5,0.20003741469602182,-0.009921810242430995,-0.0021813787516187146
2025-03-26,0.08773199093810896,-0.5,-0.19855559970457037,0.010472672988674825,-0.002278704372976481
2025-03-27,0.1306941692241756,-0.5,-0.19876347271117012,-0.02658036232816441,0.005283101185763821
2025-03-28,0.008320512110931438,-0.5,-0.1929504255881515,0.019412618437147255,-0.0037485795127894686
2025-03-31,0.35576498084061564,-0.2884700383187687,-0.11113426316986554,0.0047720122743710736,-0.0005712421491589264
2025-04-01,0.9959326084555877,0.5,0.19224896470249747,0.0031363284814578396,0.0004512642895910441
2025-04-02,0.9980616391016573,0.5,0.13432143815697284,-0.09245620080797823,-0.012447813622330273
2025-04-03,1.4148240550252759e-05,-0.5,-0.1211917405225298,-0.07288735766061138,0.008705589147637888
2025-04-04,2.5843126957584907e-08,-0.5,-0.12369635883749588,-0.0367342786061855,0.0045426441989497865
2025-04-07,1.002348086451207e-07,-0.5,-0.11982773001503971,-0.04981823929192353,0.005967672213286027
2025-04-08,0.9999510032477816,0.5,0.07795047765598458,0.1532885769098551,0.01185002868549382
2025-04-09,0.01303884930819729,-0.5,-0.0774285234124555,-0.042393803760042426,0.003204800126443269
2025-04-10,0.9883859211288969,0.5,0.07621040258996188,0.040594452856169694,0.0030169001320867117
2025-04-11,2.9697871008423947e-06,-0.5,-0.07575540549684656,0.02205407661995684,-0.001746698421246758
2025-04-14,0.007563570593244931,-0.5,-0.07577242335560738,-0.0018764431236599766,0.00014217413383930169
2025-04-16,0.9992726829804935,0.5,0.07467453745780057,0.013949665806890499,0.0009664613614137405
2025-04-17,0.010189196332374069,-0.5,-0.07507210652151208,0.0,-7.487332198965632e-05
2025-04-21,0.804738236948125,0.5,0.07420222071650517,0.03406502870124406,0.0024530636147847866
2025-04-22,0.5989961744990454,0.19799234899809082,0.02916467888591749,0.02433161145205487,0.000687104863860799
2025-04-23,0.0008388649662784482,-0.5,-0.07345280789326858,0.018426164919435495,-0.0014047622954265731
2025-04-24,0.001502553998623905,-0.5,-0.07388716179160658,0.004367221263343435,-0.0003228987610135699
2025-04-25,0.001843864751866303,-0.5,-0.07418340876796439,0.004109375580146679,-0.0003049956119312908
2025-04-28,2.3387260229040785e-05,-0.5,-0.07418028462873347,0.005091894749990278,-0.00037771976392344793
2025-04-29,0.8219062969663282,0.5,0.07415303539964127,0.006107591790042166,0.0003787298101993678
2025-04-30,0.9927562354345772,0.5,0.08172808324133914,0.0038588738658813515,0.00031159084060773033
2025-05-01,0.8039170051354763,0.5,0.08633621106466925,-0.037361741757710676,-0.0032279752860490405
2025-05-02,0.937273414061318,0.5,0.08683350252805855,-0.03145849927117084,-0.0027319003217238357
2025-05-05,0.0006637203179160815,-0.5,-0.09085357232954501,-0.0019106137620794605,8.47425481981086e-05
2025-05-07,0.24114670919446443,-0.5,-0.1745845493218809,0.006318533035958307,-0.0011449837309543648
2025-05-08,0.962643918265723,0.5,0.19194339642276462,0.0052660880535218,0.000827526853981997
2025-05-09,0.7806277546950301,0.5,0.1588199879822589,0.06314616899655467,0.01001231209693825
2025-05-12,0.9990177406939824,0.5,0.15855414339277604,0.010152280585241868,0.0016095532293813942
2025-05-13,0.00012929318531258694,-0.5,-0.173550145176362,-0.0028178257737542234,0.00032298192783217103
2025-05-15,0.38404614475753684,-0.2319077104849263,-0.08055994799311435,-0.0008985774907133148,2.5894257328024e-05
2025-05-19,0.7662767964385343,0.5,0.18547856160549434,-0.00919624836148425,-0.001838726173054287
2025-05-20,0.6357343485382746,0.2714686970765492,0.10058720093603875,-0.023059121838798324,-0.002361898202142534
2025-05-21,0.004662489982276703,-0.5,-0.18971269192312562,-0.0036122485818445016,0.0005401394559276312
2025-05-22,0.8722485426102609,0.5,0.1810953703880916,-0.03024427887573744,-0.005662502916278015
2025-05-23,0.881385326581803,0.5,0.1815780131921172,0.0,-2.4132140201280073e-07
2025-05-27,0.27806773572232824,-0.44386452855534353,-0.15501444226034466,0.0010488254734115632,-0.00033087932351556635
2025-05-30,0.2515448868341727,-0.4969102263316546,-0.20053081913679977,0.00423197959474253,-0.0008714005231421691
2025-06-02,0.0742630280410984,-0.5,-0.20001848288175098,0.007783846649397574,-0.0015571693659242277
2025-06-03,0.016605529564374513,-0.5,-0.20237087406365065,-0.002213746602105271,0.0004468216392325305
2025-06-05,0.1832134037082861,-0.5,-0.19733339627094448,0.01639826694665114,-0.0032384444484365935
2025-06-06,0.059507664016015545,-0.5,-0.2990557133795342,-0.012112562253018933,0.0035714697868762997
2025-06-09,0.26784041276970055,-0.4643191744605989,-0.3033964502867864,0.00605607184084711,-0.0018395610676484033
2025-06-10,0.1179951077162843,-0.5,-0.29030144998681234,-0.019193760456297837,0.005565428991012816
2025-06-11,0.6279044944644783,0.25580898892895654,0.14885092571808284,0.002112895022762018,9.493019223080849e-05
2025-06-13,0.8082548720665712,0.5,0.28227261909343015,0.010028031208825672,0.002763927786978205
2025-06-16,0.3642856612245125,-0.271428677550975,-0.15131546347320485,-0.014010719296581597,0.0019032444426719016
2025-06-17,0.7589949047722344,0.5,0.2960769444872096,0.004804743182752258,0.001198877476614832
2025-06-18,0.7922050808941274,0.5,0.296281940364679,0.0,-1.0249793873468027e-07
2025-06-20,0.21189288622899263,-0.5,-0.31940026083317646,0.00248757334336136,-0.001102372675310203
2025-06-24,0.0751412887726525,-0.5,-0.35564661953435645,0.0062905831155934955,-0.0022553477993113163
2025-06-25,0.45466770478821716,-0.09066459042356567,-0.06445153632382435,-0.0027783626191049127,3.347219766072998e-05
2025-06-30,0.5238519264368583,0.04770385287371659,0.03079756311296088,0.012916154224275056,0.0003501615251804547
2025-07-01,0.010558775042492871,-0.5,-0.3004422527618236,0.022230770203315764,-0.0068446825884520045
2025-07-02,0.9958894097839068,0.5,0.3097973812148095,0.005225041050401336,0.0013135842171658947
2025-07-03,0.2350495279530684,-0.5,-0.32000427791799996,0.0,-0.00031490082956640473
2025-07-07,0.8689518380229875,0.5,0.3115769983096621,0.0002858039892503772,-0.00022674068903827155
2025-07-09,0.9603252717003595,0.5,0.34041547164645186,0.006014939675876629,0.0020331592900201044
2025-07-10,0.9664085701296729,0.5,0.35686478213394224,-0.005884835805047839,-0.0021083153027061648
2025-07-11,0.762760688799369,0.5,0.3425611197407733,-0.012028812490351148,-0.004127755307043074
2025-07-14,0.8468300039996803,0.5,0.36612571857857074,0.0023488240612374867,0.0008481825978163129
2025-07-16,0.8541358214221652,0.5,0.36561997253100575,-0.0006661853268702389,-0.0002438235339346383
2025-07-18,0.01686315667748675,-0.5,-0.40343180206119983,0.0061558702516160135,-0.002867999716160483
2025-07-21,0.982817571245729,0.5,0.4091065892007812,0.009036182474420285,0.0032904925958749673
2025-07-22,0.11571807492393921,-0.5,-0.4077982197832876,-0.0011660856188711044,6.707523499849521e-05
2025-07-29,0.7347695426413421,0.4695390852826842,0.4868568873987269,-0.010507881543836084,-0.0055631620551775725
2025-07-30,0.07785175640959702,-0.5,-0.5,-0.007079622090835236,0.0030463826017182545
2025-07-31,0.0006412929637430715,-0.5,-0.4211724683288996,-0.0250035932739211,0.01049141133043367
2025-08-01,1.9107160294678818e-05,-0.5,-0.4467450075370213,0.004792974350137147,-0.00215402363178083
2025-08-04,0.9500765787338821,0.5,0.4473035935386207,-0.0021146907604691068,-0.001392933076918571
2025-08-06,0.927439730625989,0.5,0.23585509640778785,0.03179364268982976,0.007392968413199141
2025-08-07,0.026236264598202202,-0.5,-0.2068973224605893,0.04235792328538146,-0.008985117122170662
2025-08-08,0.7753193775218933,0.5,0.20867505548596538,-0.008337416841468825,-0.0019475971109764066
2025-08-11,0.008748123009974962,-0.5,-0.20813014911731884,0.010872441677679756,-0.002471285509946482
2025-08-12,0.10813659598462867,-0.5,-0.206205095073882,0.01602441991019199,-0.003305279558106665
2025-08-13,0.1413782632554939,-0.5,-0.20582779370946264,-0.0023571895917441354,0.00048498648234139466
2025-08-15,0.20378872931218397,-0.5,-0.20330288822330977,-0.0030225698834628334,0.0006132347344217104
2025-08-18,0.8858059522461389,0.5,0.20320044278805527,-0.001429259958971918,-0.0004936779220280139
2025-08-20,0.9221970298730913,0.5,0.19516333995599588,-0.004911289931109564,-0.000962522297863625
2025-08-21,0.9814174664343515,0.5,0.19398896232135757,0.012716766064777785,0.002466325064172377
2025-08-22,0.999789650156432,0.5,0.19360119114051388,-0.0026343118159346535,-0.000510199790990901
2025-08-26,0.9993043797075826,0.5,0.2003610788083099,0.00514590705653295,0.0010276595454603383
2025-08-27,0.08948595871885098,-0.5,-0.202571087143931,0.008980832210059075,-0.00202072302722502
2025-08-28,0.9922471042991281,0.5,0.2183889842612645,-0.00180597769760249,-0.0006048856706805026
2025-09-02,0.5920717910771249,0.18414358215424986,0.08610967865630316,0.038089848308826335,0.0032137649451378873
2025-09-03,0.06390661096363234,-0.5,-0.25259591853730345,0.005493343195739575,-0.0015569488689652872
2025-09-04,0.013167733577692454,-0.5,-0.3141316823655411,-0.00037532879451496193,8.713478374709665e-05
2025-09-08,0.09397224258886981,-0.5,-0.3046069857825007,-0.014839409394815983,0.0045154254182559
2025-09-09,0.6807365225201615,0.36147304504032296,0.19587463732024463,-0.03225949486019408,-0.006569057667426184
2025-09-10,0.30771124757117235,-0.3845775048576553,-0.20222858706729896,0.014286368839370622,-0.0030881637969019803
2025-09-11,0.26431941235139583,-0.47136117529720833,-0.23949708887803509,0.017562963814985233,-0.0042249129566646
2025-09-12,0.9888873383481891,0.5,0.2514091356305479,0.011235910376080627,0.002579357403418443
2025-09-15,0.711702588149481,0.4234051762989619,0.21259352839742415,0.0061258849469238985,0.001282915691806657
2025-09-16,0.8132917165761494,0.5,0.26648887865539045,0.0035272375318422533,0.000913021899482866
2025-09-17,0.6576757869535073,0.3153515739070145,0.16816548615701943,-0.0046445482440198305,-0.0008302144096845112
2025-09-18,0.9470731231402308,0.5,0.244203134254539,0.03203293660995743,0.007784524695479811
2025-09-19,0.39209901726702584,-0.21580196546594832,-0.09223637355306066,0.04309566831880085,-0.004143207915475517
2025-09-22,0.2882876212543871,-0.42342475749122577,-0.178953231312436,-0.006443275472520216,0.001109686537163968
2025-09-23,0.039946722145875836,-0.5,-0.20828211057835047,-0.008332331793480807,0.0017208112123523176
2025-09-24,0.6001630803982815,0.20032616079656296,0.08242359491690468,0.018072995928489766,0.0013442884425970804
2025-09-25,0.019596558158942397,-0.5,-0.20470353065467453,-0.005489112898051984,0.0009800772276075643
2025-09-26,0.8997368914790614,0.5,0.20383330001577302,-0.004031997224675621,-0.0010261237152952938
2025-09-29,0.9022043956887071,0.5,0.2073709028056441,0.0007861188255666729,0.00016124936917533806
2025-10-01,0.9798990914051297,0.5,0.228760635293359,0.00657666061710982,0.0014937861946349993
2025-10-02,0.7794158648993672,0.5,0.2291305423454106,0.0034612223931820285,0.0007928868106018525
2025-10-03,0.2790035228351336,-0.44199295432973285,-0.20351591947988726,-0.005154587353288997,0.0008327173538313599
2025-10-06,0.179603342873995,-0.5,-0.23826710088564126,-0.0008180741481198517,0.00017754456487913074
2025-10-08,0.2506968094999133,-0.4986063810001734,-0.2696175246714437,-0.015577789314472068,0.004184369782928323
2025-10-09,0.8591612762292848,0.5,0.23277162680653185,-0.034522080166306646,-0.008286955336795692
2025-10-10,0.23344816519746334,-0.5,-0.23333248796738315,0.009744360696440912,-0.0025067279823390983
2025-10-13,0.47875324483161275,-0.04249351033677451,-0.019853723459163832,0.0004441597703503941,-0.0001155576075063321
2025-10-15,0.43239692635964305,-0.1352061472807139,-0.06276738446656832,-0.007580008893106838,0.0004543205019499416
2025-10-16,0.9382358326259789,0.5,0.24728216667894204,0.019559492412937862,0.004681688887438847
2025-10-17,0.499878081364125,-0.0002438372717500359,-0.00012476228052107154,0.03943873008454002,-0.00012862393038593376
2025-10-20,0.9852883733818832,0.5,0.25779332680868,0.002021044840732289,0.00039205282857729504
2025-10-22,0.9273682189306114,0.5,0.2595664630266339,0.004372119604812541,0.0011339690536416186
2025-10-23,0.8572926468661104,0.5,0.25680708003176633,0.012481781799657865,0.003204030246066348
2025-10-24,0.1227530170400773,-0.5,-0.24556512770848204,0.02279122619072771,-0.0058479164740290746
2025-10-27,0.22482557210756418,-0.5,-0.24555597216950542,0.0007068280314419528,-0.0001735704221868748
2025-10-29,0.47687736933738095,-0.046245261325238096,-0.022716795967218296,0.006303231785351748,-0.00025460881850306434
2025-10-30,0.3974171667531626,-0.20516566649367485,-0.10032998906836543,-0.0037951319176879883,0.000341958947264067
2025-10-31,0.004027970526880385,-0.5,-0.0,0.0,-5.016499453418272e-05
