date,proba,pos_raw,pos_capped,rets_next,tc,pnl,equity
2020-10-13,0.3463240472207147,0.0,0.0,-0.014000410265100571,0.0,-0.0,1.0
2020-10-16,0.3192327993402973,0.0,0.0,-0.025541922670423434,0.0,-0.0,1.0
2020-10-19,0.6148379117310099,1.0,0.5,0.013191863065610265,0.00025,0.0063459315328051324,1.0063459315328052
2020-10-20,0.2971923923104767,0.0,0.0,-0.009583458021819036,0.00025,-0.00025,1.006094345049922
2020-10-22,0.37668997079341765,0.0,0.0,0.013472203966833796,0.0,0.0,1.006094345049922
2020-10-27,0.22506161751562295,0.0,0.0,-0.04631219881017401,0.0,-0.0,1.006094345049922
2020-10-28,0.7393721779697312,1.0,0.5,0.037050237343362546,0.00025,0.018275118671681273,1.0244808386006168
2020-10-29,0.2759580802960597,0.0,0.0,-0.05601787355003385,0.00025,-0.00025,1.0242247183909667
2020-10-30,0.7106279511736996,1.0,0.5,0.015353613727393967,0.00025,0.007426806863696983,1.0318314375594808
2020-11-03,0.6255075564238081,1.0,1.0,0.04083677866066693,0.00025,0.04058677866066693,1.0737101517308252
2020-11-04,0.5657342923856507,1.0,1.0,0.03549362519935961,0.0,0.03549362519935961,1.1118200174291066
2020-11-05,0.41086487474250133,0.0,0.5,-0.01996798520181431,0.00025,-0.010233992600907155,1.1004416595971966
2020-11-09,0.5965813835023991,1.0,1.0,0.030352648679771832,0.00025,0.030102648679771832,1.133567868268636
2020-11-11,0.371667284676399,0.0,0.5,0.008720200406843404,0.00025,0.004110100203421702,1.1382269457945993
2020-11-16,0.33941605467726643,0.0,0.0,-0.011391382145535256,0.00025,-0.00025,1.1379423890581506
2020-11-18,0.4425301909310764,0.0,0.0,-0.010957660294381721,0.0,-0.0,1.1379423890581506
2020-11-20,0.4106336972518501,0.0,0.0,-0.02974256712743284,0.0,-0.0,1.1379423890581506
2020-11-23,0.6356034046206027,1.0,0.5,0.011594123161080772,0.00025,0.0055470615805403856,1.1442546255653634
2020-11-24,0.5584061429412137,1.0,1.0,0.004826272087432137,0.00025,0.004576272087432137,1.1494910460692531
2020-11-27,0.5265716511727725,0.0,0.5,0.02109975339162906,0.00025,0.01029987669581453,1.1613306621067092
2020-11-30,0.6459156712050154,1.0,1.0,0.03082725978561096,0.00025,0.03057725978561096,1.1968409714589416
2020-12-01,0.6001382533604767,1.0,1.0,0.012269870672964034,0.0,0.012269870672964034,1.2115260553948475
2020-12-07,0.6509147000073464,1.0,1.0,-0.020903702286135917,0.0,-0.020903702286135917,1.186200675420977
2020-12-09,0.49510839351859387,0.0,0.5,0.01198893505142129,0.00025,0.005744467525710645,1.193014766679909
2020-12-10,0.5715994078681695,1.0,1.0,-0.005146568461833589,0.00025,-0.00539656846183359,1.1865765808155424
2020-12-14,0.5495787030967296,0.0,0.5,0.05009021261011681,0.00025,0.024795106305058406,1.2159978732759564
2020-12-15,0.6517722922669423,1.0,1.0,-0.01585071241176872,0.00025,-0.01610071241176872,1.196419441225018
2020-12-18,0.6184537143438523,1.0,1.0,0.012395192190356896,0.0,0.012395192190356896,1.2112492901392815
2020-12-21,0.6745236184477484,1.0,1.0,0.028464693679102204,0.0,0.028464693679102204,1.2457271301521262
2020-12-22,0.634957626065664,1.0,1.0,0.03576572117688803,0.0,0.03576572117688803,1.290281459351632
2020-12-28,0.23329860422500118,0.0,0.5,-0.013314845774648476,0.00025,-0.006907422887324238,1.2813689396682164
2020-12-29,0.4379099779377063,0.0,0.0,-0.007702572696521082,0.00025,-0.00025,1.2810485974332995
2020-12-31,0.5078110020227988,0.0,0.0,-0.024719466579931737,0.0,-0.0,1.2810485974332995
2021-01-04,0.39492802182579856,0.0,0.0,0.012363825841319231,0.0,0.0,1.2810485974332995
2021-01-05,0.4749894599315083,0.0,0.0,-0.03366156911293383,0.0,-0.0,1.2810485974332995
2021-01-06,0.656880094483226,1.0,0.5,0.03412314419392848,0.00025,0.01681157209696424,1.3025850382887643
2021-01-07,0.4149441072462383,0.0,0.0,-0.023248637910851744,0.00025,-0.00025,1.302259392029192
2021-01-11,0.4709880878569267,0.0,0.0,0.016226800738220692,0.0,0.0,1.302259392029192
2021-01-13,0.33634470474153366,0.0,0.0,-0.015127281611121646,0.0,-0.0,1.302259392029192
2021-01-14,0.38852647936452855,0.0,0.0,-0.01373036670839034,0.0,-0.0,1.302259392029192
2021-01-15,0.46069173477273073,0.0,0.0,0.032855870298686085,0.0,0.0,1.302259392029192
2021-01-20,0.5950584743925643,1.0,0.5,0.03665848591393939,0.00025,0.018079242956969693,1.3258032559706834
2021-01-21,0.6584076140443522,1.0,1.0,0.016073918285595123,0.00025,0.015823918285595123,1.3467826583559392
2021-01-22,0.6464884077055487,1.0,1.0,0.027683741527729344,0.0,0.027683741527729344,1.3840666413638933
2021-01-25,0.2744424335189998,0.0,0.5,-0.03498518299113429,0.00025,-0.017742591495567145,1.3595097123435322
2021-01-28,0.4210763657753413,0.0,0.0,-0.03742048902852824,0.00025,-0.00025,1.3591698349154464
2021-01-29,0.6201396973278507,1.0,0.5,0.016519980229520392,0.00025,0.008009990114760196,1.3700567718573993
2021-02-01,0.6466904108601884,1.0,1.0,0.0257575459971211,0.00025,0.0255075459971211,1.405003557984219
2021-02-04,0.4549627116874361,0.0,0.5,-0.004558588240217265,0.00025,-0.0025292941201086327,1.4014498907462778
2021-02-10,0.31328170857754073,0.0,0.0,-0.016103726591489953,0.00025,-0.00025,1.4010995282735912
2021-02-16,0.46792586349058146,0.0,0.0,-0.017644015426700244,0.0,-0.0,1.4010995282735912
2021-02-17,0.3645323494466827,0.0,0.0,-0.02979905324494836,0.0,-0.0,1.4010995282735912
2021-02-22,0.3921844455926585,0.0,0.0,-0.03478260978036285,0.0,-0.0,1.4010995282735912
2021-02-25,0.7039175272647187,1.0,0.5,0.05385123444325046,0.00025,0.02667561722162523,1.438474722979217
2021-03-01,0.34146603649333584,0.0,0.0,-0.020893753647855506,0.00025,-0.00025,1.4381151042984721
2021-03-02,0.29650117279599114,0.0,0.0,-0.024456521229737627,0.0,-0.0,1.4381151042984721
2021-03-03,0.3698669296094181,0.0,0.0,-0.01581168759630225,0.0,-0.0,1.4381151042984721
2021-03-04,0.36426301333907973,0.0,0.0,0.010738178596078063,0.0,0.0,1.4381151042984721
2021-03-05,0.358840885875497,0.0,0.0,-0.04167348123544634,0.0,-0.0,1.4381151042984721
2021-03-08,0.8097046867071351,1.0,0.5,0.040649538501149385,0.00025,0.020074769250574692,1.4669849331730302
2021-03-09,0.7202597235046396,1.0,1.0,-0.009166567074982868,0.00025,-0.009416567074982868,1.4531709711518173
2021-03-10,0.6724012542607304,1.0,1.0,0.016502710398561327,0.0,0.016502710398561327,1.4771522308483318
2021-03-11,0.6335043774546817,1.0,1.0,0.02445678837773979,0.0,0.02445678837773979,1.5132786303598957
2021-03-15,0.2528268147538353,0.0,0.5,0.012742908300268363,0.00025,0.006121454150134181,1.5225420961120217
2021-03-16,0.44726696043045244,0.0,0.0,-0.03390503157072955,0.00025,-0.00025,1.5221614605879938
2021-03-18,0.575841355284755,1.0,0.5,0.028335537920163967,0.00025,0.013917768960081983,1.5433465521163985
2021-03-22,0.37464303802040894,0.0,0.0,-0.019993480802788954,0.00025,-0.00025,1.5429607154783693
2021-03-24,0.5727944564272576,1.0,0.5,0.005141176343210763,0.00025,0.002320588171605381,1.54654129186396
2021-03-26,0.5376893096103803,0.0,0.0,-0.012274279504855379,0.00025,-0.00025,1.546154656540994
2021-03-30,0.4418662851959425,0.0,0.0,0.018765474989756115,0.0,0.0,1.546154656540994
2021-03-31,0.5962641529911774,1.0,0.5,0.023577302745531492,0.00025,0.011538651372765746,1.563995196091199
2021-04-05,0.6317287448337245,1.0,1.0,0.01339052836541521,0.00025,0.01314052836541521,1.5845469193288084
2021-04-07,0.6741748921505928,1.0,1.0,0.0192336563220461,0.0,0.0192336563220461,1.6150235502013357
2021-04-08,0.6646540614769662,1.0,1.0,0.02025154101240978,0.0,0.02025154101240978,1.6477302658642456
2021-04-09,0.5959104982903912,1.0,1.0,-0.013233194686876892,0.0,-0.013233194686876892,1.6259255304646048
2021-04-12,0.6820096455493453,1.0,1.0,0.024306799942048762,0.0,0.024306799942048762,1.6654465770542775
2021-04-13,0.4445733738430866,0.0,0.5,-0.017853360506328686,0.00025,-0.009176680253164343,1.6501633063379233
2021-04-14,0.5929007092115095,1.0,1.0,0.01870799196235895,0.00025,0.01845799196235895,1.6806220073828881
2021-04-15,0.41551412760536566,0.0,0.5,-0.01282973926999309,0.00025,-0.006664869634996545,1.669420880797975
2021-04-20,0.45508283433619107,0.0,0.0,-0.011685817808717358,0.00025,-0.00025,1.6690035255777755
2021-04-22,0.550609985157912,1.0,0.5,0.01803872332992107,0.00025,0.008769361664960534,1.683639621113661
2021-04-23,0.5442236426145044,0.0,0.0,-0.000748691896194531,0.00025,-0.00025,1.6832187112083827
2021-04-29,0.5551917890195066,1.0,0.5,-0.015133009953489207,0.00025,-0.007816504976744604,1.670061823775273
2021-04-30,0.42605766122001826,0.0,0.0,-0.03538530453898636,0.00025,-0.00025,1.669644308319329
2021-05-04,0.5371140519851421,0.0,0.0,0.012802665678926184,0.0,0.0,1.669644308319329
2021-05-06,0.506007988673371,0.0,0.0,-0.025804523443083927,0.0,-0.0,1.669644308319329
2021-05-10,0.3597516764533571,0.0,0.0,-0.024938400800540106,0.0,-0.0,1.669644308319329
2021-05-12,0.5041636335805977,0.0,0.0,0.017919553967628232,0.0,0.0,1.669644308319329
2021-05-13,0.5012151069334667,0.0,0.0,0.019844961840647324,0.0,0.0,1.669644308319329
2021-05-14,0.3636351367201068,0.0,0.0,-0.009258625320602287,0.0,-0.0,1.669644308319329
2021-05-17,0.40735543437884675,0.0,0.0,-0.011245726820368618,0.0,-0.0,1.669644308319329
2021-05-18,0.5705623001973076,1.0,0.5,0.021011968101753986,0.00025,0.010255984050876993,1.6867681537160895
2021-05-20,0.5116059329407932,0.0,0.0,-0.014767020264190522,0.00025,-0.00025,1.6863464616776604
2021-05-21,0.4876587257820139,0.0,0.0,0.01331417952932834,0.0,0.0,1.6863464616776604
2021-05-24,0.5017740536004833,0.0,0.0,-0.012376891595938244,0.0,-0.0,1.6863464616776604
2021-05-27,0.5518422668852337,1.0,0.5,-0.012153875361491373,0.00025,-0.006326937680745687,1.67567705270648
2021-06-03,0.5780524734227275,1.0,1.0,0.01902200454396752,0.00025,0.01877200454396752,1.707132869954108
2021-06-04,0.5900359773033226,1.0,1.0,0.00307720218651375,0.0,0.00307720218651375,1.7123860629542003
2021-06-09,0.6390308879763167,1.0,1.0,0.009832566260060682,0.0,0.009832566260060682,1.7292232123810019
2021-06-11,0.6644213029992521,1.0,1.0,0.024577903972314852,0.0,0.024577903972314852,1.7717238944415998
2021-06-14,0.6683448018471434,1.0,1.0,0.012600692770941668,0.0,0.012600692770941668,1.7940488429103947
2021-06-17,0.7054528778333075,1.0,1.0,-0.010091691829320237,0.0,-0.010091691829320237,1.7759438548609945
2021-06-18,0.5416109160321618,0.0,0.5,0.01410409803224888,0.00025,0.00680204901612444,1.788023912011644
2021-06-21,0.6479530819817607,1.0,1.0,0.012698381234845124,0.00025,0.012448381234845124,1.810281915325384
2021-06-22,0.6477319523371194,1.0,1.0,0.012545936270823344,0.0,0.012545936270823344,1.8329935968672801
2021-06-28,0.5938203467451442,1.0,1.0,0.011500313980796983,0.0,0.011500313980796983,1.8540735987560442
2021-06-29,0.6289623182866907,1.0,1.0,0.01959618831536125,0.0,0.01959618831536125,1.8904063741478072
2021-07-02,0.7596785391690785,1.0,1.0,0.014718618194901723,0.0,0.014718618194901723,1.9182305438020972
2021-07-06,0.7554687873748311,1.0,1.0,0.0179551853486708,0.0,0.0179551853486708,1.9526727287575454
2021-07-07,0.7420541027293368,1.0,1.0,-0.009199743366430368,0.0,-0.009199743366430368,1.9347086407743486
2021-07-08,0.7581889666699159,1.0,1.0,0.013054786753326608,0.0,0.013054786753326608,1.959965849509476
2021-07-09,0.7117365352104648,1.0,1.0,0.024100321543408354,0.0,0.024100321543408354,2.007201656696754
2021-07-14,0.42539820856483573,0.0,0.5,-0.014075998829260361,0.00025,-0.007287999414630181,1.9925731721977034
2021-07-16,0.45841160620969185,0.0,0.0,-0.0269144553140388,0.00025,-0.00025,1.992075028904654
2021-07-19,0.5274666182391721,0.0,0.0,0.025974065821787296,0.0,0.0,1.992075028904654
2021-07-20,0.5931530017541998,1.0,0.5,0.009628407974385134,0.00025,0.004564203987192567,2.001167265694367
2021-07-22,0.5817163924417426,1.0,1.0,0.011989291291896187,0.00025,0.011739291291896187,2.0246595511501604
2021-07-23,0.5812557914491853,1.0,1.0,-0.014900351580740878,0.0,-0.014900351580740878,1.9944914120067179
2021-07-27,0.4960340519622071,0.0,0.5,-0.012195942967260787,0.00025,-0.0063479714836303935,1.9818304373989535
2021-07-28,0.4593833002072054,0.0,0.0,0.01264428824094277,0.00025,-0.00025,1.9813349797896038
2021-08-03,0.5981097841886523,1.0,0.5,-0.0033538361708377318,0.00025,-0.001926918085418866,1.9775171095837742
2021-08-10,0.6186875074947359,1.0,1.0,0.020773140342467133,0.00025,0.020523140342467133,2.018101970753392
2021-08-12,0.6486842370951608,1.0,1.0,0.013547927469941712,0.0,0.013547927469941712,2.0454430698801054
2021-08-16,0.5736448515106654,1.0,1.0,-0.025500999024792415,0.0,-0.025500999024792415,1.9932822281498244
2021-08-18,0.5968889687264133,1.0,1.0,0.010156945672341378,0.0,0.010156945672341378,2.0135278874507856
2021-08-20,0.6008712864386928,1.0,1.0,0.010257289446946594,0.0,0.010257289446946594,2.034181225801867
2021-08-23,0.5502211303641897,1.0,1.0,-0.008421424587517934,0.0,-0.008421424587517934,2.017050522011432
2021-08-25,0.607211675741099,1.0,1.0,0.03041718451246589,0.0,0.03041718451246589,2.0784035199104194
2021-08-30,0.6594515045465305,1.0,1.0,0.007475003944916736,0.0,0.007475003944916736,2.0939395944208785
2021-09-02,0.6842440041746144,1.0,1.0,0.015489434054168028,0.0,0.015489434054168028,2.126373533682072
2021-09-07,0.5432301458817207,0.0,0.5,-0.010083730846123795,0.00025,-0.005291865423061898,2.115121051102666
2021-09-08,0.5010384259583281,0.0,0.0,-0.03310183047135551,0.00025,-0.00025,2.11459227083989
2021-09-10,0.40949340360562664,0.0,0.0,-0.009562121795294698,0.0,-0.0,2.11459227083989
2021-09-14,0.4240713682688129,0.0,0.0,-0.018347959763567734,0.0,-0.0,2.11459227083989
2021-09-17,0.30533615061763497,0.0,0.0,-0.02136086046584096,0.0,-0.0,2.11459227083989
2021-09-20,0.48290228482823616,0.0,0.0,0.01687218117341427,0.0,0.0,2.11459227083989
2021-09-22,0.3415790901274137,0.0,0.0,-0.010550069546267249,0.0,-0.0,2.11459227083989
2021-09-27,0.32934881206351635,0.0,0.0,-0.023801142810824016,0.0,-0.0,2.11459227083989
2021-09-28,0.36430668708092084,0.0,0.0,-0.009311963207858542,0.0,-0.0,2.11459227083989
2021-09-30,0.4834672381418274,0.0,0.0,-0.024605595234166944,0.0,-0.0,2.11459227083989
2021-10-04,0.5528369301111694,1.0,0.5,0.014158472007018696,0.00025,0.006829236003509348,2.1290333205086527
2021-10-05,0.5475250909109383,0.0,0.0,0.0090843002914347,0.00025,-0.00025,2.1285010621785254
2021-10-07,0.3301239854558676,0.0,0.0,-0.009102845212122124,0.0,-0.0,2.1285010621785254
2021-10-12,0.6079058783796608,1.0,0.5,0.020225294786987202,0.00025,0.009862647393493601,2.1494937176314686
2021-10-14,0.6222582260661036,1.0,1.0,0.01180599467191934,0.00025,0.01155599467191934,2.1743332555797417
2021-10-18,0.6240826265646375,1.0,1.0,0.015080254842374075,0.0,0.015080254842374075,2.207122755186133
2021-10-19,0.6774575335065889,1.0,1.0,0.024991397839103646,0.0,0.024991397839103646,2.2622818380407286
2021-10-28,0.5783874455068058,1.0,1.0,-0.01815531794562486,0.0,-0.01815531794562486,2.2212093919884865
2021-10-29,0.5676913894081967,1.0,1.0,0.009798763427286694,0.0,0.009798763427286694,2.242974497343049
2021-11-03,0.5910191632826876,1.0,1.0,-0.019163350980072047,0.0,-0.019163350980072047,2.1999915898111135
2021-11-10,0.5593947402450457,1.0,1.0,0.01433696207842261,0.0,0.01433696207842261,2.231532785807084
2021-11-12,0.608071901014336,1.0,1.0,0.016490203105482548,0.0,0.016490203105482548,2.268331214681586
2021-11-17,0.6679978958208629,1.0,1.0,0.028536022797019278,0.0,0.028536022797019278,2.3330603659349305
2021-11-18,0.7214637964665913,1.0,1.0,0.016976041496091998,0.0,0.016976041496091998,2.3726664955199293
2021-11-19,0.4934676750138334,0.0,0.5,-0.03167838820819047,0.00025,-0.016089194104095234,2.3344922037292255
2021-11-26,0.5607637418049246,1.0,1.0,0.02187387658498907,0.00025,0.02162387658498907,2.3849729750312854
2021-11-29,0.606968106667518,1.0,1.0,0.03157747920198073,0.0,0.03157747920198073,2.4602844095476217
2021-11-30,0.4825688583580184,0.0,0.5,-0.006129643765050097,0.00025,-0.0033148218825250486,2.452129004949618
2021-12-02,0.542858813337252,0.0,0.0,-0.011724547456266277,0.00025,-0.00025,2.4515159726983806
2021-12-03,0.6305601660736248,1.0,0.5,0.021502925616522006,0.00025,0.010501462808261003,2.4772604765095303
2021-12-06,0.6279032606819566,1.0,1.0,0.03544622574276812,0.00025,0.03519622574276812,2.5644506954643966
2021-12-07,0.6810801207849635,1.0,1.0,0.022783075268741015,0.0,0.022783075268741015,2.6228767686821373
2021-12-08,0.6888563365646355,1.0,1.0,0.028013405763472665,0.0,0.028013405763472665,2.696352479870816
2021-12-10,0.11250954334594779,0.0,0.5,-0.020674130407160818,0.00025,-0.01058706520358041,2.667806020354588
2021-12-13,0.6755588173313207,1.0,1.0,0.028509431528181306,0.00025,0.028259431528181306,2.743196701917268
2021-12-15,0.4292593791630798,0.0,0.5,-0.039264156431643604,0.00025,-0.019882078215821802,2.6886562505283647
2021-12-16,0.5642295521672499,1.0,1.0,-0.008121929801586658,0.00025,-0.008371929801586658,2.666147009138344
2021-12-20,0.6203890977728282,1.0,1.0,0.019086759606895765,0.0,0.019086759606895765,2.7170351161784114
2021-12-21,0.5927293703574632,1.0,1.0,0.015318990360414508,0.0,0.015318990360414508,2.758657350932056
2021-12-22,0.5562156803272927,1.0,1.0,0.02297513942346141,0.0,0.02297513942346141,2.822037888191277
2021-12-27,0.5281104755681774,0.0,0.5,-0.006578387395775431,0.00025,-0.003539193697887716,2.81205014948219
2021-12-30,0.596715010170605,1.0,1.0,0.025004360527540515,0.00025,0.024754360527540514,2.881660652703996
2022-01-03,0.4341571128912263,0.0,0.5,-0.012691748025067229,0.00025,-0.006595874012533615,2.862653582091885
2022-01-04,0.39576352485016114,0.0,0.0,-0.026599714914897987,0.00025,-0.00025,2.861937918696362
2022-01-05,0.3893268717464327,0.0,0.0,-0.01669335224383517,0.0,-0.0,2.861937918696362
2022-01-06,0.537288865902479,0.0,0.0,0.016783751395806235,0.0,0.0,2.861937918696362
2022-01-11,0.3508680963163362,0.0,0.0,-0.019028031144967872,0.0,-0.0,2.861937918696362
2022-01-13,0.26243667064600973,0.0,0.0,-0.018894176639652427,0.0,-0.0,2.861937918696362
2022-01-18,0.3185656736303644,0.0,0.0,-0.021024596294607067,0.0,-0.0,2.861937918696362
2022-01-19,0.42175565665767,0.0,0.0,-0.010347211227427322,0.0,-0.0,2.861937918696362
2022-01-20,0.42996598478580933,0.0,0.0,-0.012765224745968418,0.0,-0.0,2.861937918696362
2022-01-21,0.4591515483346672,0.0,0.0,-0.011384816604436798,0.0,-0.0,2.861937918696362
2022-01-25,0.6271876726991195,1.0,0.5,0.06977775110281836,0.00025,0.03463887555140918,2.961072230097944
2022-01-28,0.6120299852434059,1.0,1.0,0.026125665879232818,0.00025,0.025875665879232818,3.0376919457682328
2022-01-31,0.3185424360757541,0.0,0.5,-0.01671992379548337,0.00025,-0.008609961897741686,3.0115375338580916
2022-02-03,0.6820094366698413,1.0,1.0,0.01846670488523694,0.00025,0.01821670488523694,3.0663978243631984
2022-02-08,0.42343153487132484,0.0,0.5,-0.023598686361601895,0.00025,-0.012049343180800948,3.0294497446485846
2022-02-10,0.4470456521887078,0.0,0.0,-0.020218475601661345,0.00025,-0.00025,3.0286923822124225
2022-02-11,0.5183302510808541,0.0,0.0,0.02315261174106964,0.0,0.0,3.0286923822124225
2022-02-15,0.45822662283705334,0.0,0.0,-0.021269187774919374,0.0,-0.0,3.0286923822124225
2022-02-17,0.4268011893354165,0.0,0.0,-0.009355663491751987,0.0,-0.0,3.0286923822124225
2022-02-18,0.3280199730359592,0.0,0.0,-0.017812500842004808,0.0,-0.0,3.0286923822124225
2022-02-22,0.34360031553009734,0.0,0.0,-0.025863927448001367,0.0,-0.0,3.0286923822124225
2022-02-23,0.5956453512123382,1.0,0.5,0.016680145179508887,0.00025,0.008090072589754443,3.0531947234365573
2022-02-24,0.571723753840759,1.0,1.0,0.01296519976518784,0.00025,0.01271519976518784,3.09201670426707
2022-02-25,0.370729780411516,0.0,0.5,-0.011627774527417811,0.00025,-0.006063887263708906,3.0732670635548898
2022-03-01,0.4303646927863947,0.0,0.0,0.020588069455720337,0.00025,-0.00025,3.0724987467890013
2022-03-02,0.31358425000525963,0.0,0.0,-0.018408448120218024,0.0,-0.0,3.0724987467890013
2022-03-04,0.33135456582838657,0.0,0.0,-0.02371752058600196,0.0,-0.0,3.0724987467890013
2022-03-07,0.5245198777184719,0.0,0.0,-0.011675947688272847,0.0,-0.0,3.0724987467890013
2022-03-08,0.5972937669093421,1.0,0.5,0.03499737477975895,0.00025,0.017248687389879475,3.125495317178161
2022-03-09,0.4068991567145865,0.0,0.0,-0.027186196211425373,0.00025,-0.00025,3.1247139433488664
2022-03-10,0.3862880868904775,0.0,0.0,-0.023908836834587888,0.0,-0.0,3.1247139433488664
2022-03-11,0.35174383454933617,0.0,0.0,-0.026562214948111063,0.0,-0.0,3.1247139433488664
2022-03-14,0.49799330610211895,0.0,0.0,0.02967744106013681,0.0,0.0,3.1247139433488664
2022-03-15,0.4854808223055245,0.0,0.0,0.02901531056254525,0.0,0.0,3.1247139433488664
2022-03-16,0.500361395080279,0.0,0.0,0.02091887028035888,0.0,0.0,3.1247139433488664
2022-03-18,0.5759235594057606,1.0,0.5,0.02080054273318943,0.00025,0.010150271366594715,3.1564306378168396
2022-03-22,0.6638386558166884,1.0,1.0,0.02267781956792625,0.00025,0.02242781956792625,3.2272224946404697
2022-03-24,0.6600886877101666,1.0,1.0,0.01913460150240298,0.0,0.01913460150240298,3.288974111035006
2022-03-29,0.2524994872894245,0.0,0.5,-0.017775862286054878,0.00025,-0.009137931143027439,3.2589196920771686
2022-03-31,0.5698441685289398,1.0,1.0,0.023693459084690893,0.00025,0.023443459084690893,3.335320042538673
2022-04-04,0.4376978035361527,0.0,0.5,-0.018942167285339595,0.00025,-0.009721083642669798,3.3028971174300814
2022-04-05,0.399232821420677,0.0,0.0,-0.018450788027840614,0.00025,-0.00025,3.302071393150724
2022-04-06,0.42545971891812007,0.0,0.0,-0.011908752240306852,0.0,-0.0,3.302071393150724
2022-04-08,0.3620071439914425,0.0,0.0,-0.02551593813987929,0.0,-0.0,3.302071393150724
2022-04-11,0.5548744063038471,1.0,0.5,0.011523464718099063,0.00025,0.0055117323590495315,3.3202715269002443
2022-04-12,0.4116257947330566,0.0,0.0,0.016342232511947774,0.00025,-0.00025,3.3194414590185195
2022-04-13,0.31431013591332546,0.0,0.0,-0.02998823071591583,0.0,-0.0,3.3194414590185195
2022-04-14,0.35034400556842316,0.0,0.0,0.014115113659830314,0.0,0.0,3.3194414590185195
2022-04-19,0.29642355341868126,0.0,0.0,-0.027821238327880637,0.0,-0.0,3.3194414590185195
2022-04-22,0.34931326269669355,0.0,0.0,-0.03732818992219322,0.0,-0.0,3.3194414590185195
2022-04-26,0.6356924231642942,1.0,0.5,0.04515560520348916,0.00025,0.02232780260174458,3.393557292663532
2022-04-28,0.378327002875297,0.0,0.0,-0.03660474591314855,0.00025,-0.00025,3.3927089033403663
2022-04-29,0.5954671715501817,1.0,0.5,0.009622789561948064,0.00025,0.004561394780974032,3.408184388025427
2022-05-03,0.5196639296116844,0.0,0.0,0.041008238470614966,0.00025,-0.00025,3.4073323419284205
2022-05-04,0.43919960532750246,0.0,0.0,-0.055716152239726924,0.0,-0.0,3.4073323419284205
2022-05-05,0.31597778756793604,0.0,0.0,-0.033189263026944915,0.0,-0.0,3.4073323419284205
2022-05-09,0.32527862300657284,0.0,0.0,0.01611218695812111,0.0,0.0,3.4073323419284205
2022-05-10,0.27253191877882876,0.0,0.0,-0.05184141651720753,0.0,-0.0,3.4073323419284205
2022-05-11,0.19065681963891912,0.0,0.0,-0.02689434744910113,0.0,-0.0,3.4073323419284205
2022-05-12,0.7545029898763065,1.0,0.5,0.03191664024638796,0.00025,0.01570832012319398,3.4608558091215444
2022-05-13,0.33432339766781655,0.0,0.0,-0.010672383476116432,0.00025,-0.00025,3.459990595169264
2022-05-16,0.7280382055694001,1.0,0.5,0.02542247346953319,0.00025,0.012461236734766595,3.5031063570757337
2022-05-17,0.34992438155273403,0.0,0.0,-0.05641895307076972,0.00025,-0.00025,3.502230580486465
2022-05-18,0.8715102951424302,1.0,0.5,-0.02464144876720009,0.00025,-0.012570724383600046,3.458205005131354
2022-05-19,0.9220637872701178,1.0,1.0,0.04011930972189681,0.00025,0.03986930972189681,3.5960812515627496
2022-05-23,0.7975978147919307,1.0,1.0,-0.019216288228271927,0.0,-0.019216288228271927,3.526977917740435
2022-05-24,0.836497255066944,1.0,1.0,0.02319948430617602,0.0,0.02319948430617602,3.6088019865912835
2022-05-26,0.69386293421379,1.0,1.0,0.04075654595486844,0.0,0.04075654595486844,3.7558842905998118
2022-05-27,0.18421198265021232,0.0,0.5,0.016811434347086207,0.00025,0.008155717173543103,3.7865162206104976
2022-06-02,0.165909956296457,0.0,0.0,-0.03855588641955543,0.00025,-0.00025,3.7855695915553453
2022-06-03,0.18324556859695967,0.0,0.0,0.01758586197806644,0.0,0.0,3.7855695915553453
2022-06-07,0.22468544066373944,0.0,0.0,-0.035955940650249096,0.0,-0.0,3.7855695915553453
2022-06-09,0.29148788715302,0.0,0.0,-0.03862854240329017,0.0,-0.0,3.7855695915553453
2022-06-10,0.2765600205107007,0.0,0.0,-0.038284685458019885,0.0,-0.0,3.7855695915553453
2022-06-13,0.6445615892686248,1.0,0.5,0.020111606179902042,0.00025,0.00980580308995102,3.8226901415534433
2022-06-15,0.34464401372316344,0.0,0.0,-0.03965151310074977,0.00025,-0.00025,3.8217344690180552
2022-06-16,0.71090302967967,1.0,0.5,0.011533246438874656,0.00025,0.005516623219437328,3.842817538128364
2022-06-17,0.6004353074450373,1.0,1.0,0.0327606012960826,0.00025,0.0325106012960826,3.967749846964048
2022-06-21,0.6782771049941532,1.0,1.0,0.021573468285242425,0.0,0.021573468285242425,4.053347972451302
2022-06-23,0.7926293033877272,1.0,1.0,0.024517119608318705,0.0,0.024517119608318705,4.152724389506027
2022-06-24,0.2012248103947465,0.0,0.5,-0.029789372686983118,0.00025,-0.015144686343491559,4.089832681155991
2022-06-28,0.6674286615199901,1.0,1.0,0.013023835699512043,0.00025,0.012773835699512043,4.142075531863572
2022-06-29,0.5736447967883045,1.0,1.0,-0.018027782952248828,0.0,-0.018027782952248828,4.067403093203315
2022-06-30,0.5201865656073366,0.0,0.5,0.01616441920549061,0.00025,0.007832209602745305,4.099259846768137
2022-07-01,0.5045202289348707,0.0,0.0,0.01893041575727028,0.00025,-0.00025,4.098235031806445
2022-07-05,0.48959790105420353,0.0,0.0,0.00960710439564405,0.0,0.0,4.098235031806445
2022-07-06,0.5790277833928849,1.0,0.5,0.023999737621142492,0.00025,0.011749868810571246,4.1463887557850585
2022-07-07,0.5722985955817488,1.0,1.0,-0.014757687837329003,0.00025,-0.015007687837329003,4.084161047686026
2022-07-11,0.6586058423434318,1.0,1.0,0.020482220251210714,0.0,0.020482220251210714,4.167813733806146
2022-07-14,0.5746490227713253,1.0,1.0,0.011450050101221798,0.0,0.011450050101221798,4.215535409870787
2022-07-15,0.5022759133699259,0.0,0.5,-0.020642858486503934,0.00025,-0.010571429243251967,4.170971175562915
2022-07-18,0.5909312339324777,1.0,1.0,0.026721822598404055,0.00025,0.026471822598404054,4.281384384585473
2022-07-19,0.6683557812454659,1.0,1.0,0.013509801986711478,0.0,0.013509801986711478,4.339225039850221
2022-07-20,0.7039708620294983,1.0,1.0,0.015094007427126188,0.0,0.015094007427126188,4.404721334829692
2022-07-21,0.6499237949498853,1.0,1.0,-0.007398174001684188,0.0,-0.007398174001684188,4.372134439965691
2022-07-25,0.6664786169233823,1.0,1.0,0.03423486236465667,0.0,0.03423486236465667,4.5218138607576925
2022-07-27,0.6532766167886712,1.0,1.0,0.03279325649515097,0.0,0.03279325649515097,4.6700988625168485
2022-07-29,0.7459285854199623,1.0,1.0,-0.00928734106064355,0.0,-0.00928734106064355,4.626726061593731
2022-08-02,0.7060402183462842,1.0,1.0,0.03824792283736711,0.0,0.03824792283736711,4.803688722987203
2022-08-03,0.7290517528700147,1.0,1.0,0.02619453177542308,0.0,0.02619453177542308,4.929519099880732
2022-08-10,0.5424086457057831,0.0,0.5,0.021425567247476796,0.00025,0.010462783623738398,4.9810955915918695
2022-08-12,0.5407920602306429,0.0,0.0,0.008784631807682075,0.00025,-0.00025,4.9798503176939715
2022-08-17,0.48687101070486816,0.0,0.0,-0.015101818457238125,0.0,-0.0,4.9798503176939715
2022-08-19,0.42764966702236606,0.0,0.0,-0.02302925894173835,0.0,-0.0,4.9798503176939715
2022-08-22,0.4322620100069333,0.0,0.0,0.014922803323937694,0.0,0.0,4.9798503176939715
2022-08-25,0.48431071151113,0.0,0.0,-0.037699177596629885,0.0,-0.0,4.9798503176939715
2022-08-26,0.3219851249966553,0.0,0.0,-0.013690414616244762,0.0,-0.0,4.9798503176939715
2022-08-29,0.387479148905987,0.0,0.0,-0.015305263438951222,0.0,-0.0,4.9798503176939715
2022-08-30,0.4086554547721133,0.0,0.0,-0.010634883028868947,0.0,-0.0,4.9798503176939715
2022-08-31,0.5602711436662973,1.0,0.5,-0.013610965151780507,0.00025,-0.007055482575890254,4.94471507054694
2022-09-02,0.6200434166716952,1.0,1.0,0.009253955330941643,0.00025,0.009003955330941643,4.989237064166378
2022-09-07,0.540129119165226,0.0,0.5,-0.00961791504011067,0.00025,-0.005058957520055335,4.963996725801275
2022-09-08,0.6632690157822364,1.0,1.0,0.01883971744989621,0.00025,0.01858971744989621,5.05627602235613
2022-09-09,0.6880271929954535,1.0,1.0,0.038508034174295824,0.0,0.038508034174295824,5.250983272219692
2022-09-12,0.3613185167250555,0.0,0.5,-0.058679612921153534,0.00025,-0.029589806460576767,5.095607693466985
2022-09-13,0.3332112402323972,0.0,0.0,0.009555502201880284,0.00025,-0.00025,5.094333791543619
2022-09-14,0.434332191549661,0.0,0.0,-0.01892991802677446,0.0,-0.0,5.094333791543619
2022-09-15,0.5475547161299479,0.0,0.0,-0.010960129254330986,0.0,-0.0,5.094333791543619
2022-09-16,0.6729813188220873,1.0,0.5,0.025082905670045452,0.00025,0.012291452835022726,5.1569505550682395
2022-09-19,0.4039611276882693,0.0,0.0,0.015665508439977938,0.00025,-0.00025,5.155661317429472
2022-09-20,0.49760023625849703,0.0,0.0,-0.020267898051192557,0.0,-0.0,5.155661317429472
2022-09-21,0.4288614020724411,0.0,0.0,-0.015123785683385793,0.0,-0.0,5.155661317429472
2022-09-23,0.30743109838445465,0.0,0.0,-0.012651481919706331,0.0,-0.0,5.155661317429472
2022-09-28,0.355736080222976,0.0,0.0,-0.04911913466742357,0.0,-0.0,5.155661317429472
2022-09-29,0.29323118132286047,0.0,0.0,-0.030039177752380186,0.0,-0.0,5.155661317429472
2022-09-30,0.6065344371160813,1.0,0.5,0.03075256989200037,0.00025,0.015126284946000185,5.233647319601981
2022-10-03,0.575153290573441,1.0,1.0,0.025622902187991903,0.00025,0.025372902187991903,5.366440141128687
2022-10-04,0.3661150868251368,0.0,0.5,-0.03671860928359261,0.00025,-0.018609304641796304,5.266574421700459
2022-10-07,0.6949680607614845,1.0,1.0,-0.010255138331282443,0.00025,-0.010505138331282443,5.211248328868502
2022-10-11,0.7218809886058719,1.0,1.0,0.033612989684784766,0.0,0.033612989684784766,5.38641396519161
2022-10-13,0.41716297418688664,0.0,0.5,-0.032240018201985854,0.00025,-0.016370009100992927,5.298238319559708
2022-10-14,0.6907133732011609,1.0,1.0,0.029122728297599654,0.00025,0.028872728297599654,5.451212915016286
2022-10-17,0.6105235824274984,1.0,1.0,0.009409283706142357,0.0,0.009409283706142357,5.502504923876261
2022-10-18,0.5759077689634455,1.0,1.0,0.027059052180836707,0.0,0.027059052180836707,5.6513974917367396
2022-10-21,0.6359236264615528,1.0,1.0,0.014802606998346235,0.0,0.014802606998346235,5.735052907798358
2022-10-24,0.5148391394285503,0.0,0.5,0.019337494162348978,0.00025,0.009418747081174489,5.789069920634065
2022-10-25,0.4427261335242107,0.0,0.0,-0.01962679542282908,0.00025,-0.00025,5.787622653153906
2022-10-26,0.4515408693076894,0.0,0.0,-0.030465456583330774,0.0,-0.0,5.787622653153906
2022-10-27,0.5736230914433066,1.0,0.5,0.07555235714628239,0.00025,0.037526178573141195,6.004810014350116
2022-10-28,0.19683117326972444,0.0,0.0,-0.015410384092699347,0.00025,-0.00025,6.003308811846528
2022-10-31,0.22334922617251318,0.0,0.0,-0.017542591711696254,0.0,-0.0,6.003308811846528
2022-11-01,0.21562334462807006,0.0,0.0,-0.03730524732007201,0.0,-0.0,6.003308811846528
2022-11-02,0.1838624664700951,0.0,0.0,-0.04240481437386845,0.0,-0.0,6.003308811846528
2022-11-03,0.23783379674929578,0.0,0.0,-0.03318987080607827,0.0,-0.0,6.003308811846528
2022-11-09,0.6287239509639457,1.0,0.5,0.08897443861054688,0.00025,0.04423721930527344,6.2688785003134635
2022-11-10,0.5479545225798,0.0,0.0,0.019268785374738195,0.00025,-0.00025,6.267311280688386
2022-11-11,0.13861948558727877,0.0,0.0,-0.009485749926532172,0.0,-0.0,6.267311280688386
2022-11-14,0.16538909885872613,0.0,0.0,0.011869512998285536,0.0,0.0,6.267311280688386
2022-11-15,0.16242565058565991,0.0,0.0,0.012971357786855098,0.0,0.0,6.267311280688386
2022-11-17,0.21156500257481287,0.0,0.0,-0.02168025477615798,0.0,-0.0,6.267311280688386
2022-11-21,0.20107856288948445,0.0,0.0,0.014661240821303823,0.0,0.0,6.267311280688386
2022-11-22,0.18470603243378578,0.0,0.0,-0.01959368581208809,0.0,-0.0,6.267311280688386
2022-11-25,0.23903205602904756,0.0,0.0,-0.026264505358537082,0.0,-0.0,6.267311280688386
2022-11-28,0.6032377361724697,1.0,0.5,-0.02114803430886414,0.00025,-0.01082401715443207,6.19947379587405
2022-11-29,0.6074367824298263,1.0,1.0,0.04859392479755131,0.00025,0.04834392479755131,6.499180690846174
2022-11-30,0.23720919663400433,0.0,0.5,-0.007983220549069525,0.00025,-0.004241610274534763,6.471613699251823
2022-12-05,0.18773903539934408,0.0,0.0,-0.025369824912728656,0.00025,-0.00025,6.4699957958270105
2022-12-06,0.20411664816659025,0.0,0.0,-0.013784958715287843,0.0,-0.0,6.4699957958270105
2022-12-07,0.5623716165078033,1.0,0.5,0.012132816728680496,0.00025,0.0058164083643402475,6.507627933491104
2022-12-08,0.29564175081775657,0.0,0.0,0.016389839897168024,0.00025,-0.00025,6.5060010265077315
2022-12-12,0.4456979512679156,0.0,0.0,-0.01553568212707268,0.0,-0.0,6.5060010265077315
2022-12-14,0.24783674659916788,0.0,0.0,-0.046854586802715814,0.0,-0.0,6.5060010265077315
2022-12-15,0.3186432789470135,0.0,0.0,-0.014578537861109298,0.0,-0.0,6.5060010265077315
2022-12-16,0.41143538087154113,0.0,0.0,-0.01590964048494281,0.0,-0.0,6.5060010265077315
2022-12-19,0.35792739770693816,0.0,0.0,0.023809470898437324,0.0,0.0,6.5060010265077315
2022-12-21,0.41401886664911525,0.0,0.0,-0.023772591221696726,0.0,-0.0,6.5060010265077315
2022-12-22,0.40493978567826255,0.0,0.0,-0.013878123504866613,0.0,-0.0,6.5060010265077315
2022-12-27,0.4237369032712172,0.0,0.0,-0.030685329857805477,0.0,-0.0,6.5060010265077315
2022-12-28,0.9134702101901199,1.0,0.5,0.02832436884022327,0.00025,0.013912184420111634,6.596513712625942
2022-12-29,0.42738367770348895,0.0,0.0,-0.03740458569830829,0.00025,-0.00025,6.5948645841977855
2023-01-03,0.8136574007896641,1.0,0.5,0.010314197280898663,0.00025,0.004907098640449331,6.62722623523285
2023-01-04,0.6985730335905268,1.0,1.0,-0.01060468989417962,0.00025,-0.01085468989417962,6.555289749590827
2023-01-05,0.6457722629016024,1.0,1.0,0.03679410448717202,0.0,0.03679410448717202,6.796485765580959
2023-01-06,0.7550572539642333,1.0,1.0,0.02111247245178971,0.0,0.02111247245178971,6.939976384075768
2023-01-11,0.6199652979565279,1.0,1.0,0.010119158153036434,0.0,0.010119158153036434,7.010203102684569
2023-01-13,0.6143384257652916,1.0,1.0,0.019221056795496905,0.0,0.019221056795496905,7.144946614669238
2023-01-20,0.5244328547842714,0.0,0.5,0.02350054597228013,0.00025,0.011500272986140064,7.227115451209331
2023-01-23,0.6298934287315253,1.0,1.0,0.010062749076725996,0.00025,0.009812749076725996,7.298033321680577
2023-01-24,0.6589954852163014,1.0,1.0,0.014803256452447622,0.0,0.014803256452447622,7.406067980539922
2023-01-26,0.6587902749168741,1.0,1.0,0.013684309189071042,0.0,0.013684309189071042,7.5074149046609095
2023-01-27,0.49039073049766124,0.0,0.5,-0.020077903299724587,0.00025,-0.010288951649862293,7.430171475691398
2023-01-30,0.5993229369620218,1.0,1.0,0.009020682980501293,0.00025,0.008770682980501293,7.49533915419545
2023-01-31,0.5499019870465527,0.0,0.5,0.03706255371951306,0.00025,0.01828127685975653,7.632363524431069
2023-02-02,0.6190634330250854,1.0,1.0,0.02439979311931939,0.00025,0.02414979311931939,7.816683524557518
2023-02-03,0.33235439373289444,0.0,0.5,-0.01792869305998157,0.00025,-0.009214346529990786,7.744657893846975
2023-02-06,0.7363146546336593,1.0,1.0,0.01924473119086656,0.00025,0.01899473119086656,7.8917655887058205
2023-02-07,0.3753095905398547,0.0,0.5,-0.01765275095247809,0.00025,-0.009076375476239046,7.820136961052263
2023-02-08,0.7326458795281213,1.0,1.0,0.018806901143141097,0.00025,0.018556901143141097,7.965254469564333
2023-02-13,0.4578215231439347,0.0,0.5,0.01390354172106334,0.00025,0.0067017708605316695,8.018635779865178
2023-02-15,0.4619735918034216,0.0,0.0,-0.010429439004363217,0.00025,-0.00025,8.016631120920213
2023-02-16,0.535987857783228,0.0,0.0,-0.026679910151724773,0.0,-0.0,8.016631120920213
2023-02-21,0.41716390632049055,0.0,0.0,-0.018005399365334185,0.0,-0.0,8.016631120920213
2023-02-24,0.49562254388021065,0.0,0.0,-0.014245893056754388,0.0,-0.0,8.016631120920213
2023-03-01,0.4391353729061984,0.0,0.0,0.03508989468510104,0.0,0.0,8.016631120920213
2023-03-03,0.6189083196770521,1.0,0.5,0.018539452166175696,0.00025,0.009019726083087848,8.08893893774007
2023-03-06,0.5356697270383457,0.0,0.0,-0.014496634318899027,0.00025,-0.00025,8.086916703005635
2023-03-07,0.5206729766535022,0.0,0.0,-0.014914732242301665,0.0,-0.0,8.086916703005635
2023-03-09,0.6553767502313963,1.0,0.5,-0.013878683128213831,0.00025,-0.007189341564106916,8.028777096627246
2023-03-10,0.5563984836598103,1.0,1.0,0.013266117339997052,0.00025,0.013016117339997052,8.133280601413627
2023-03-13,0.5629449584552281,1.0,1.0,0.0140893605228265,0.0,0.0140893605228265,8.247873324040254
2023-03-14,0.5534422194196494,1.0,1.0,0.0186940814345693,0.0,0.0186940814345693,8.402059739621874
2023-03-16,0.615767803392171,1.0,1.0,0.015483888974447524,0.0,0.015483888974447524,8.532156299786855
2023-03-20,0.6679520126324586,1.0,1.0,0.011944020092975238,0.0,0.011944020092975238,8.634064546067915
2023-03-21,0.6788456853602931,1.0,1.0,-0.009103298826669937,0.0,-0.009103298826669937,8.555466076416302
2023-03-22,0.5904389597332123,1.0,1.0,0.008305670771672213,0.0,0.008305670771672213,8.626524960945225
2023-03-24,0.5518860536158526,1.0,1.0,-0.012293116537352544,0.0,-0.012293116537352544,8.520478084287944
2023-03-27,0.5701477566963393,1.0,1.0,0.019790817397078886,0.0,0.019790817397078886,8.6891053101899
2023-03-29,0.6282416281874219,1.0,1.0,0.009889905962764622,0.0,0.009889905962764622,8.775039744608238
2023-03-30,0.5637695404749092,1.0,1.0,0.015644238946701083,0.0,0.015644238946701083,8.912318563139689
2023-03-31,0.5620389651776343,1.0,1.0,-0.011290179497175035,0.0,-0.011290179497175035,8.811696886825837
2023-04-05,0.5186100644542325,0.0,0.5,-0.015972290250505505,0.00025,-0.008236145125252753,8.739122472466201
2023-04-10,0.5443198806419844,0.0,0.0,-0.004353206822003353,0.00025,-0.00025,8.736937691848086
2023-04-12,0.5845573887031693,1.0,0.5,0.03410358848714856,0.00025,0.01680179424357428,8.883733921265446
2023-04-13,0.6408366917579742,1.0,1.0,0.0069681308113003215,0.00025,0.006718130811300321,8.943416007841291
2023-04-19,0.5838231541811867,1.0,1.0,-0.009780802732843319,0.0,-0.009780802732843319,8.855942220110842
2023-04-21,0.5792611599412523,1.0,1.0,-0.009435740494287415,0.0,-0.009435740494287415,8.772379847489473
2023-04-25,0.5869470267561736,1.0,1.0,0.02839519765911791,0.0,0.02839519765911791,9.0214733071998
2023-04-27,0.5767294333320738,1.0,1.0,-0.006467366881735215,0.0,-0.006467366881735215,8.963128129508357
2023-05-03,0.6181760545733171,1.0,1.0,-0.009913351366947265,0.0,-0.009913351366947265,8.874273491013572
2023-05-04,0.58480340637808,1.0,1.0,0.04692693301662776,0.0,0.04692693301662776,9.290715928697601
2023-05-05,0.6772380032514529,1.0,1.0,-0.00997115985540209,0.0,-0.00997115985540209,9.198076715001427
2023-05-09,0.5671402583357534,1.0,1.0,0.010420943888989509,0.0,0.010420943888989509,9.293929356335077
2023-05-10,0.6009723574200766,1.0,1.0,0.013666091282392268,0.0,0.013666091282392268,9.420941043290858
2023-05-18,0.5446936908928026,0.0,0.5,-0.015155017729243214,0.00025,-0.007827508864621607,9.347198543761422
2023-05-23,0.5010743010248788,0.0,0.0,0.014104665337848044,0.00025,-0.00025,9.344861744125483
2023-05-26,0.6046992444601252,1.0,0.5,0.01065962011784416,0.00025,0.00507981005892208,9.392331866812526
2023-05-30,0.5972337092108794,1.0,1.0,0.01602236616676822,0.00025,0.01577236616676822,9.540471164175699
2023-06-01,0.5946680695585326,1.0,1.0,-0.002060471956505827,0.0,-0.002060471956505827,9.520813290890063
2023-06-06,0.5648178231946858,1.0,1.0,0.01546497573537886,0.0,0.01546497573537886,9.66805243741475
2023-06-08,0.6199256138276722,1.0,1.0,0.01563888575550143,0.0,0.01563888575550143,9.819250004961676
2023-06-12,0.6142123814453173,1.0,1.0,0.011198751651420702,0.0,0.011198751651420702,9.929213347170453
2023-06-15,0.599444026229841,1.0,1.0,-0.00567525028952931,0.0,-0.00567525028952931,9.872862576247126
2023-06-21,0.59027820213432,1.0,1.0,0.01652525744234179,0.0,0.01652525744234179,10.036014172012472
2023-06-22,0.6411146888379149,1.0,1.0,-0.007552866095479671,0.0,-0.007552866095479671,9.960213500838925
2023-06-26,0.5893957861020584,1.0,1.0,0.015059214528079234,0.0,0.015059214528079234,10.11020649269353
2023-06-27,0.6256505686170207,1.0,1.0,0.023102321511580204,0.0,0.023102321511580204,10.343775733636202
2023-06-30,0.5845818134846703,1.0,1.0,-0.005871394031795596,0.0,-0.005871394031795596,10.283043350527498
2023-07-05,0.5304449127262407,0.0,0.5,-0.010855848201642648,0.00025,-0.005677924100821324,10.224657010857747
2023-07-10,0.49622344765341,0.0,0.0,0.008985570781529839,0.00025,-0.00025,10.222100846605032
2023-07-12,0.5687168051342061,1.0,0.5,0.017305639950967455,0.00025,0.008402819975483727,10.307995319790294
2023-07-17,0.5347791096036688,0.0,0.0,-0.010097292410407466,0.00025,-0.00025,10.305418320960346
2023-07-20,0.6183954228443275,1.0,0.5,0.004544965555161484,0.00025,0.002022482777580742,10.326260852030254
2023-07-26,0.5717963564409339,1.0,1.0,0.013507970255028257,0.00025,0.013257970255028256,10.463166111252132
2023-07-28,0.5552041851427199,1.0,1.0,-0.015490104968209129,0.0,-0.015490104968209129,10.301090569889029
2023-08-02,0.31726124602883055,0.0,0.5,-0.048020061566106054,0.00025,-0.024260030783053027,10.051185795564503
2023-08-04,0.3011975013607003,0.0,0.0,-0.017253684058993746,0.00025,-0.00025,10.048672999115613
2023-08-07,0.38697676081448973,0.0,0.0,-0.008954429284173449,0.0,-0.0,10.048672999115613
2023-08-09,0.4227052968606683,0.0,0.0,0.009393060264979658,0.0,0.0,10.048672999115613
2023-08-14,0.41445493471936146,0.0,0.0,-0.011200215540334457,0.0,-0.0,10.048672999115613
2023-08-15,0.43521288879280207,0.0,0.0,-0.014555065353502705,0.0,-0.0,10.048672999115613
2023-08-17,0.7479973068360115,1.0,0.5,0.00773688446817089,0.00025,0.003618442234085445,10.085033541892127
2023-08-21,0.6783303979546974,1.0,1.0,0.021948775034380086,0.00025,0.021698775034380086,10.30386641593182
2023-08-23,0.4988861430358621,0.0,0.5,-0.026170372248887075,0.00025,-0.013335186124443538,10.166462439473966
2023-08-24,0.6765016744021655,1.0,1.0,0.012642921357403747,0.00025,0.012392921357403747,10.292454608969365
2023-08-25,0.5802668503322154,1.0,1.0,0.021810034009475343,0.0,0.021810034009475343,10.516933394031968
2023-08-29,0.631059090474745,1.0,1.0,0.019172358075602247,0.0,0.019172358075602247,10.718567806919607
2023-08-30,0.5796621917285013,1.0,1.0,0.00846342424996216,0.0,0.00846342424996216,10.809283593621554
2023-09-01,0.5542761467121066,1.0,1.0,-0.03579319221803001,0.0,-0.03579319221803001,10.42238482821586
2023-09-06,0.36571755541764717,0.0,0.5,-0.02924955412033914,0.00025,-0.01487477706016957,10.267354177460854
2023-09-07,0.4779244226900326,0.0,0.0,0.006622485631189834,0.00025,-0.00025,10.26478733891649
2023-09-11,0.5073653435417826,0.0,0.0,-0.01706066688784813,0.0,-0.0,10.26478733891649
2023-09-12,0.5870718405428984,1.0,0.5,-0.011854738054084102,0.00025,-0.006177369027042051,10.201377959539894
2023-09-13,0.5240063197257581,0.0,0.0,0.01691332984862659,0.00025,-0.00025,10.198827615050009
2023-09-18,0.30745511333590875,0.0,0.0,-0.019992087214794285,0.0,-0.0,10.198827615050009
2023-09-20,0.28648245979252895,0.0,0.0,0.007380337934180581,0.0,0.0,10.198827615050009
2023-09-25,0.47172112507947794,0.0,0.0,-0.0233986051546744,0.0,-0.0,10.198827615050009
2023-09-26,0.550458426043064,1.0,0.5,0.014835419939715155,0.00025,0.0071677099698575775,10.271929853427261
2023-10-02,0.47021564242816943,0.0,0.0,0.0071978498371159105,0.00025,-0.00025,10.269361870963905
2023-10-05,0.6547812687727884,1.0,0.5,0.014750550401560591,0.00025,0.0071252752007802955,10.342533900430922
2023-10-06,0.6970691566951527,1.0,1.0,0.007903992946358462,0.00025,0.007653992946358462,10.421695581952292
2023-10-11,0.5663309649697458,1.0,1.0,-0.010292685068853613,0.0,-0.010292685068853613,10.314428351443794
2023-10-13,0.49309521563798436,0.0,0.5,-0.008784650239133107,0.00025,-0.004642325119566554,10.266545421613918
2023-10-17,0.5150344776770133,0.0,0.0,-0.0021612203429158816,0.00025,-0.00025,10.263978785258514
2023-10-19,0.44641765087044116,0.0,0.0,-0.014704225465902776,0.0,-0.0,10.263978785258514
2023-10-20,0.30914677998577395,0.0,0.0,-0.013491546251221953,0.0,-0.0,10.263978785258514
2023-10-25,0.3444675868696573,0.0,0.0,-0.02460555653264196,0.0,-0.0,10.263978785258514
2023-10-26,0.6998738943141903,1.0,0.5,0.012305071540442691,0.00025,0.0059025357702213455,10.324562287183296
2023-10-30,0.5121436172922563,0.0,0.0,0.01873856641124605,0.00025,-0.00025,10.3219811466115
2023-11-01,0.6708113407093738,1.0,0.5,0.0206933933709188,0.00025,0.0100966966854594,10.426199059441867
2023-11-02,0.6973639324986018,1.0,1.0,0.014605257086594658,0.00025,0.014355257086594658,10.575869827376165
2023-11-06,0.6877195320937358,1.0,1.0,0.014450550258281236,0.0,0.014450550258281236,10.728696965841705
2023-11-07,0.7356032021599483,1.0,1.0,0.023219984751402745,0.0,0.023219984751402745,10.97781714579097
2023-11-10,0.6554604956667858,1.0,1.0,0.014285921266850243,0.0,0.014285921266850243,11.134645377217618
2023-11-14,0.5931127872422285,1.0,1.0,0.009042164986178935,0.0,0.009042164986178935,11.235326677781014
2023-11-16,0.6807114524086276,1.0,1.0,0.009278213193990137,0.0,0.009278213193990137,11.339570434001592
2023-11-20,0.6406301984259994,1.0,1.0,-0.005409633341865172,0.0,-0.005409633341865172,11.278227515699388
2023-11-29,0.5795103887619493,1.0,1.0,0.006791366920462227,0.0,0.006791366920462227,11.354822096970956
2023-12-01,0.5932296045091976,1.0,1.0,-0.009464682129794122,0.0,-0.009464682129794122,11.247352315182765
2023-12-04,0.5558269815568668,1.0,1.0,0.02106324146985994,0.0,0.02106324146985994,11.484258012894047
2023-12-05,0.6060825205085887,1.0,1.0,0.01013932470058787,0.0,0.01013932470058787,11.600700633832108
2023-12-07,0.5976914970897611,1.0,1.0,-0.01292736208690859,0.0,-0.01292736208690859,11.45073417627673
2023-12-11,0.5665486469034107,1.0,1.0,0.01669133990042826,0.0,0.01669133990042826,11.641862272522417
2023-12-13,0.489595827633607,0.0,0.5,-0.008503458185670887,0.00025,-0.004501729092835444,11.58945376243542
2023-12-18,0.5256479127432707,0.0,0.0,-0.010713840621863646,0.00025,-0.00025,11.586556398994812
2023-12-20,0.4642114971456122,0.0,0.0,-0.0028408140270289595,0.0,-0.0,11.586556398994812
2023-12-26,0.4605302352694776,0.0,0.0,-0.03578653513342733,0.0,-0.0,11.586556398994812
2024-01-02,0.33777197971741735,0.0,0.0,-0.012700235751278877,0.0,-0.0,11.586556398994812
2024-01-04,0.676953092344305,1.0,0.5,0.024174783899070906,0.00025,0.011837391949535453,11.72371100843511
2024-01-08,0.4033262362172882,0.0,0.0,-0.012317084667221367,0.00025,-0.00025,11.720780080683001
2024-01-16,0.6962245778357282,1.0,0.5,0.032570737895888824,0.00025,0.01603536894794441,11.908727113634471
2024-01-18,0.6492747420337074,1.0,1.0,0.015533018759410933,0.00025,0.015283018759410932,12.090728413512851
2024-01-19,0.6042345343330321,1.0,1.0,0.012163135021040716,0.0,0.012163135021040716,12.237789575709142
2024-01-22,0.6092462411550436,1.0,1.0,-0.009012708057048013,0.0,-0.009012708057048013,12.12749395099969
2024-01-26,0.47913784101373674,0.0,0.5,-0.019245763691971174,0.00025,-0.009872881845985587,12.007760636133566
2024-01-30,0.4927670762421957,0.0,0.0,-0.019357554526490017,0.00025,-0.00025,12.004758695974534
2024-01-31,0.606426630628601,1.0,0.5,0.013340555555926503,0.00025,0.006420277777963251,12.081832581460109
2024-02-01,0.6201906260249259,1.0,1.0,0.009846564879997466,0.00025,0.009596564879997466,12.197776671697357
2024-02-05,0.3166822384752344,0.0,0.5,0.0005809711818947072,0.00025,4.0485590947353595e-05,12.198270505894152
2024-02-07,0.2904358875975668,0.0,0.0,-0.009001784634564913,0.00025,-0.00025,12.19522093826768
2024-02-12,0.403376974061041,0.0,0.0,-0.011274458198461512,0.0,-0.0,12.19522093826768
2024-02-13,0.48872118805224946,0.0,0.0,-0.008430532840703164,0.0,-0.0,12.19522093826768
2024-02-16,0.5752713981276508,1.0,0.5,0.011243975237646087,0.00025,0.005371987618823043,12.260733514156865
2024-02-22,0.26140267218133245,0.0,0.0,-0.010034157664068566,0.00025,-0.00025,12.257668330778326
2024-02-23,0.26315698363101253,0.0,0.0,-0.0036930833891722914,0.0,-0.0,12.257668330778326
2024-02-29,0.309636792080645,0.0,0.0,-0.025381155301410163,0.0,-0.0,12.257668330778326
2024-03-04,0.35888333875782047,0.0,0.0,-0.028441038848694533,0.0,-0.0,12.257668330778326
2024-03-05,0.6192198896143271,1.0,0.5,0.010236694634058408,0.00025,0.0048683473170292035,12.317342917509505
2024-03-08,0.6972585786229787,1.0,1.0,0.0118315610010995,0.00025,0.0115815610010995,12.4599969758801
2024-03-11,0.6090430748773482,1.0,1.0,-0.012122405761961996,0.0,-0.012122405761961996,12.308951836745663
2024-03-13,0.6968934852272415,1.0,1.0,0.010927226987036631,0.0,0.010927226987036631,12.443454547438284
2024-03-14,0.650509615958464,1.0,1.0,0.01358506122752301,0.0,0.01358506122752301,12.612499639347133
2024-03-19,0.6481046549848475,1.0,1.0,0.014709222118785004,0.0,0.014709222118785004,12.798019698015386
2024-03-20,0.5200961356342928,0.0,0.5,-0.040857469961284476,0.00025,-0.020678734980642238,12.533372840403088
2024-03-21,0.4064905239901466,0.0,0.0,-0.006672487785141179,0.00025,-0.00025,12.530239497192987
2024-03-26,0.6216460990138867,1.0,0.5,0.021212616529390438,0.00025,0.010356308264695219,12.660006520056376
2024-03-27,0.4534563114359959,0.0,0.0,-0.010559133221046402,0.00025,-0.00025,12.656841518426361
2024-03-28,0.511933780460361,0.0,0.0,-0.006998693738658801,0.0,-0.0,12.656841518426361
2024-04-02,0.4055290135026629,0.0,0.0,-0.011139278847181577,0.0,-0.0,12.656841518426361
2024-04-10,0.5635156096252922,1.0,0.5,0.04327094999904735,0.00025,0.021385474999523674,12.927514086291602
2024-04-11,0.5510287274988834,1.0,1.0,-0.021863554518521067,0.00025,-0.022113554518521067,12.641640798755445
2024-04-15,0.5225728081457008,0.0,0.5,-0.019167160805569683,0.00025,-0.009833580402784842,12.517328207537759
2024-04-16,0.4760394150649772,0.0,0.0,-0.00571428728248613,0.00025,-0.00025,12.514198875485874
2024-04-18,0.6026125972614722,1.0,0.5,-0.012212624047976073,0.00025,-0.006356312023988037,12.434654722703046
2024-04-19,0.5816174507094017,1.0,1.0,0.006391623240813882,0.00025,0.0061416232408138816,12.511023687139494
2024-04-23,0.5427247508813919,0.0,0.5,0.012702335945464327,0.00025,0.006101167972732163,12.587355544165561
2024-04-24,0.594126008962713,1.0,1.0,0.024808154147697437,0.00025,0.024558154147697436,12.896477761931052
2024-04-29,0.5699784341872272,1.0,1.0,-0.018270902347028106,0.0,-0.018270902347028106,12.660847476122191
2024-04-30,0.6364299356882799,1.0,1.0,0.022031863077943026,0.0,0.022031863077943026,12.939789534166836
2024-05-02,0.6227376737919481,1.0,1.0,0.059816275954489795,0.0,0.059816275954489795,13.713799555735578
2024-05-03,0.7003644034721767,1.0,1.0,-0.009106791110920387,0.0,-0.009106791110920387,13.588910847844462
2024-05-06,0.6468635482032186,1.0,1.0,0.010014415517256126,0.0,0.010014415517256126,13.724995847501726
2024-05-09,0.6331940111105863,1.0,1.0,0.017645361733017673,0.0,0.017645361733017673,13.967178364015059
2024-05-13,0.5793262309257132,1.0,1.0,0.012217935677371061,0.0,0.012217935677371061,14.137828450860964
2024-05-15,0.5827308930079979,1.0,1.0,0.006857230447240736,0.0,0.006857230447240736,14.234774798572074
2024-05-21,0.46174364754265035,0.0,0.5,-0.021057979165923002,0.00025,-0.010778989582961501,14.081338309302462
2024-05-23,0.48870129685136343,0.0,0.0,0.016588129024183385,0.00025,-0.00025,14.077817974725136
2024-05-24,0.532188945935904,0.0,0.0,0.005018501059180558,0.0,0.0,14.077817974725136
2024-05-31,0.577592447678405,1.0,0.5,0.009258742574002055,0.00025,0.004379371287001027,14.139469966547274
2024-06-03,0.5852481112433527,1.0,1.0,0.007820892264638557,0.00025,0.007570892264638557,14.246518370343095
2024-06-05,0.5067219153610082,0.0,0.5,0.012391992854015044,0.00025,0.005945996427007522,14.33122811767045
2024-06-07,0.5442330224180499,0.0,0.0,-0.01914776012239372,0.00025,-0.00025,14.327645310641033
2024-06-10,0.555650641726292,1.0,0.5,0.07264909004660769,0.00025,0.036074545023303844,14.84450859647768
2024-06-11,0.6834418805109354,1.0,1.0,0.028578447980847077,0.00025,0.028328447980847077,15.265030486054235
2024-06-12,0.14201670799852337,0.0,0.5,0.019671497916716074,0.00025,0.009585748958358037,15.411357236135231
2024-06-17,0.08169445378472943,0.0,0.0,-0.010984543014322945,0.00025,-0.00025,15.407504396826198
2024-06-18,0.3753720065145669,0.0,0.0,-0.0215128533664124,0.0,-0.0,15.407504396826198
2024-06-20,0.6023815733863264,1.0,0.5,-0.010444355000034045,0.00025,-0.0054721775000170225,15.323191797934472
2024-06-21,0.6528370046689669,1.0,1.0,0.019993362388970315,0.00025,0.019743362388970315,15.625723126556789
2024-06-26,0.5723444720123068,1.0,1.0,-0.016254276936681467,0.0,-0.016254276936681467,15.371738295521826
2024-06-28,0.5982320964083417,1.0,1.0,0.02910459855178371,0.0,0.02910459855178371,15.819126567656069
2024-07-01,0.6990545579919444,1.0,1.0,0.016239936380784137,0.0,0.016239936380784137,16.076028176714374
2024-07-02,0.6782581528656313,1.0,1.0,0.02162033388311113,0.0,0.02162033388311113,16.42359727340924
2024-07-05,0.6858653239635241,1.0,1.0,0.0037748417448426608,0.0,0.0037748417448426608,16.48559375399739
2024-07-09,0.6656468859236558,1.0,1.0,0.01880356507674441,0.0,0.01880356507674441,16.79558168897945
2024-07-10,0.3304200084519761,0.0,0.5,-0.02322079145470024,0.00025,-0.01186039572735012,16.59637944367712
2024-07-11,0.6071417822001027,1.0,1.0,0.013050843696934544,0.00025,0.012800843696934544,16.808827102870644
2024-07-12,0.5831748140336506,1.0,1.0,0.016743300110270143,0.0,0.016743300110270143,17.09026233955565
2024-07-15,0.32485468697884834,0.0,0.5,-0.025295938004324614,0.00025,-0.012897969002162307,16.86983266566124
2024-07-17,0.36920475972704914,0.0,0.0,-0.020534854784360568,0.00025,-0.00025,16.865615207494823
2024-07-18,0.43555127068815636,0.0,0.0,-0.028754230704878814,0.0,-0.0,16.865615207494823
2024-07-24,0.3380172517248075,0.0,0.0,0.01499086477189926,0.0,0.0,16.865615207494823
2024-07-31,0.2907070124294782,0.0,0.0,-0.01675072066025418,0.0,-0.0,16.865615207494823
2024-08-01,0.311685671890452,0.0,0.0,-0.04816704799358007,0.0,-0.0,16.865615207494823
2024-08-05,0.4832979323296884,0.0,0.0,-0.009748153391579306,0.0,-0.0,16.865615207494823
2024-08-06,0.6752915343435093,1.0,0.5,0.01249814571142216,0.00025,0.0059990728557110795,16.966793261880973
2024-08-07,0.586293905673111,1.0,1.0,0.016633313191291688,0.00025,0.016383313191291687,17.244765549742265
2024-08-08,0.5205371146889324,0.0,0.5,0.013735951230325671,0.00025,0.0066179756151628355,17.358890987639658
2024-08-09,0.5595761668708744,1.0,1.0,0.01719301598603984,0.00025,0.01694301598603984,17.653002955143158
2024-08-13,0.6099026322520944,1.0,1.0,0.013530564090742825,0.0,0.013530564090742825,17.891858043021795
2024-08-15,0.6837403294826976,1.0,1.0,0.010288167272858306,0.0,0.010288167272858306,18.07593247139064
2024-08-23,0.5228769968884167,0.0,0.5,0.01457025208387952,0.00025,0.00703512604193976,18.203098934652463
2024-08-29,0.5672437468291516,1.0,1.0,-0.02720531265367454,0.00025,-0.02745531265367454,17.70332716213581
2024-09-03,0.3717345843414357,0.0,0.5,-0.0036212509081925415,0.00025,-0.002060625454096271,17.66684723556332
2024-09-10,0.32023718016099884,0.0,0.0,0.011585001740455958,0.00025,-0.00025,17.66243052375443
2024-09-11,0.3310654515786002,0.0,0.0,-0.02777532998521237,0.0,-0.0,17.66243052375443
2024-09-16,0.4783491147720093,0.0,0.0,0.017989875638995345,0.0,0.0,17.66243052375443
2024-09-18,0.6366731434112876,1.0,0.5,0.03706556062944655,0.00025,0.018282780314723274,17.985348860844294
2024-09-19,0.6682893691503845,1.0,1.0,-0.007581065072062465,0.00025,-0.007831065072062465,17.844504423571276
2024-09-23,0.6814341779258166,1.0,1.0,0.022872023015367615,0.0,0.022872023015367615,18.252644339445027
2024-09-30,0.5240647592523238,0.0,0.5,-0.029141627713284768,0.00025,-0.014820813856642384,17.982125295298616
2024-10-01,0.3878103640064582,0.0,0.0,-0.022530823517324827,0.00025,-0.00025,17.977629763974793
2024-10-07,0.6213494673363961,1.0,0.5,0.018404061633705115,0.00025,0.008952030816852558,18.13856605963586
2024-10-08,0.5810645694514585,1.0,1.0,0.016698397510348073,0.00025,0.016448397510348073,18.436916404452457
2024-10-09,0.6016622617767478,1.0,1.0,0.01647985820184883,0.0,0.01647985820184883,18.740754172477175
2024-10-14,0.6614536777995559,1.0,1.0,0.011024600855128686,0.0,0.011024600855128686,18.947363506952822
2024-10-15,0.5913654716538322,1.0,1.0,0.012276521799192697,0.0,0.012276521799192697,19.179971228083158
2024-10-18,0.5692737291144827,1.0,1.0,-0.021623043087497518,0.0,-0.021623043087497518,18.76524188380135
2024-10-23,0.46561193023562536,0.0,0.5,0.008599489474662825,0.00025,0.004049744737331412,18.841236323365024
2024-10-28,0.5237250964643981,0.0,0.0,-0.015278041380300311,0.00025,-0.00025,18.836526014284182
2024-10-30,0.4888804901174788,0.0,0.0,-0.018209422853174395,0.0,-0.0,18.836526014284182
2024-10-31,0.2980641392326289,0.0,0.0,-0.013279677549576596,0.0,-0.0,18.836526014284182
2024-11-01,0.4822499193200829,0.0,0.0,0.021372178566067213,0.0,0.0,18.836526014284182
2024-11-07,0.49047399548660153,0.0,0.0,-0.012028591561573432,0.0,-0.0,18.836526014284182
2024-11-11,0.5269844908132967,0.0,0.0,0.013770505362935781,0.0,0.0,18.836526014284182
2024-11-14,0.5602288177098051,1.0,0.5,-0.014109296202558852,0.00025,-0.007304648101279426,18.69893182029924
2024-11-15,0.5891565119266958,1.0,1.0,0.013422249209323889,0.00025,0.013172249209323889,18.945238810184378
2024-11-18,0.6770695948805645,1.0,1.0,0.01305088708833968,0.0,0.01305088708833968,19.192490982757725
2024-11-25,0.6033197954625269,1.0,1.0,0.009404379438592514,0.0,0.009404379438592514,19.372984450331344
2024-11-26,0.623045724000232,1.0,1.0,0.010215807549385891,0.0,0.010215807549385891,19.570895131133174
2024-11-29,0.615033014727745,1.0,1.0,0.009522577464861515,0.0,0.009522577464861515,19.75726049607607
2024-12-02,0.7360890795099297,1.0,1.0,0.012771833107112718,0.0,0.012771833107112718,20.009596929785705
2024-12-03,0.7320071957189992,1.0,1.0,0.01610118003224148,0.0,0.01610118003224148,20.33177505232477
2024-12-09,0.620166287192768,1.0,1.0,0.011727652405204347,0.0,0.011727652405204347,20.570219042919238
2024-12-16,0.38050643718716165,0.0,0.5,0.009719616841789014,0.00025,0.004609808420894507,20.66504381188293
2024-12-17,0.3475223202404444,0.0,0.0,-0.021421768297346322,0.00025,-0.00025,20.659877550929963
2024-12-18,0.6124998918236995,1.0,0.5,0.018815889575554134,0.00025,0.009157944787777067,20.849079568863612
2024-12-20,0.6302595081053888,1.0,1.0,0.011478088022709665,0.00025,0.011228088022709665,21.083174869455288
2024-12-24,0.5297100812873389,0.0,0.5,-0.013242143728976585,0.00025,-0.006871071864488293,20.938310859795685
2024-12-27,0.4739542688467917,0.0,0.0,-0.013263420600231446,0.00025,-0.00025,20.933076282080737
2024-12-30,0.47673734776883797,0.0,0.0,-0.026235896572911255,0.0,-0.0,20.933076282080737
2025-01-02,0.4052721875263739,0.0,0.0,-0.011387714496238432,0.0,-0.0,20.933076282080737
2025-01-07,0.43608755351241435,0.0,0.0,-0.024103743996115368,0.0,-0.0,20.933076282080737
2025-01-10,0.3128952882906008,0.0,0.0,-0.010344084750700366,0.0,-0.0,20.933076282080737
2025-01-13,0.564024070879648,1.0,0.5,0.01967584949558754,0.00025,0.009587924747793769,21.13378104221315
2025-01-15,0.39749756985264334,0.0,0.0,-0.040400149273495556,0.00025,-0.00025,21.1284975969526
2025-01-16,0.45891538185912134,0.0,0.0,-0.03191584279123816,0.0,-0.0,21.1284975969526
2025-01-21,0.7399401567091419,1.0,0.5,0.031780193427979775,0.00025,0.015640096713989887,21.458949342790238
2025-01-27,0.6311343370347868,1.0,1.0,0.03654404686966739,0.00025,0.03629404686966739,22.237781456011284
2025-01-28,0.28403272299258164,0.0,0.5,-0.006692095667732989,0.00025,-0.0035960478338664947,22.1578133301764
2025-01-31,0.4692938799229334,0.0,0.0,-0.03385597230587034,0.00025,-0.00025,22.152273876843857
2025-02-03,0.5830679775997941,1.0,0.5,0.021007850568216746,0.00025,0.010253925284108373,22.37942163805012
2025-02-04,0.42303758338669506,0.0,0.0,-0.02396882780573384,0.00025,-0.00025,22.373826782640606
2025-02-07,0.5589168012959136,1.0,0.5,0.021831854672898388,0.00025,0.010665927336449194,22.61246439334255
2025-02-11,0.5138997684036728,0.0,0.0,0.018270080537830635,0.00025,-0.00025,22.606811277244216
2025-02-12,0.6224422407619801,1.0,0.5,0.01967330050413918,0.00025,0.00958665025206959,22.8235348702737
2025-02-13,0.6524204400816696,1.0,1.0,0.01271062034444026,0.00025,0.01246062034444026,23.107930273210272
2025-02-14,0.39838581248422117,0.0,0.5,0.006312374747486027,0.00025,0.0029061873737430133,23.17508624840361
2025-02-24,0.4580855463806188,0.0,0.0,-0.027040185366615344,0.00025,-0.00025,23.16929247684151
2025-02-26,0.40558605233209094,0.0,0.0,-0.012730873159711109,0.0,-0.0,23.16929247684151
2025-02-27,0.5745939233509614,1.0,0.5,0.019131905122169668,0.00025,0.009315952561084834,23.385136506429664
2025-02-28,0.4958544546543373,0.0,0.0,-0.015754251313333967,0.00025,-0.00025,23.379290222303055
2025-03-03,0.3940125578360643,0.0,0.0,-0.0008052953828132647,0.0,-0.0,23.379290222303055
2025-03-05,0.3216894324255042,0.0,0.0,0.01589256603004152,0.0,0.0,23.379290222303055
2025-03-07,0.3198987459136937,0.0,0.0,-0.04847955156408401,0.0,-0.0,23.379290222303055
2025-03-10,0.30107032216794927,0.0,0.0,-0.02918934700724396,0.0,-0.0,23.379290222303055
2025-03-11,0.4209246055536798,0.0,0.0,-0.01747876781169988,0.0,-0.0,23.379290222303055
2025-03-12,0.38700483252614937,0.0,0.0,-0.03364361039356367,0.0,-0.0,23.379290222303055
2025-03-13,0.8105513059130617,1.0,0.5,0.018170583894774106,0.00025,0.008835291947387053,23.585853076939795
2025-03-14,0.7664848757729246,1.0,1.0,0.011989299247109786,0.00025,0.011739299247109786,23.862734464208355
2025-03-19,0.7002051272629961,1.0,1.0,0.0194768206351692,0.0,0.0194768206351692,24.32750466323241
2025-03-21,0.6954004121050555,1.0,1.0,0.011270452024841005,0.0,0.011270452024841005,24.601686637423466
2025-03-24,0.33952329404852527,0.0,0.5,0.013681912241200633,0.00025,0.0065909561206003164,24.763835274543485
2025-03-25,0.32525406340895857,0.0,0.0,-0.009921878605060552,0.00025,-0.00025,24.75764431572485
2025-03-26,0.35474080008387354,0.0,0.0,0.010472673711788838,0.0,0.0,24.75764431572485
2025-03-27,0.40367292966408713,0.0,0.0,-0.02658029581236332,0.0,-0.0,24.75764431572485
2025-03-28,0.501102891538386,0.0,0.0,0.019412618437147255,0.0,0.0,24.75764431572485
2025-03-31,0.41849745862822885,0.0,0.0,-0.09245607048480542,0.0,-0.0,24.75764431572485
2025-04-03,0.1818564187115154,0.0,0.0,-0.07288742745362853,0.0,-0.0,24.75764431572485
2025-04-04,0.280993059181573,0.0,0.0,-0.0367342786061855,0.0,-0.0,24.75764431572485
2025-04-07,0.36992211781900614,0.0,0.0,-0.049818154997102404,0.0,-0.0,24.75764431572485
2025-04-08,0.6562194552037761,1.0,0.5,0.15328847459654016,0.00025,0.07639423729827008,26.6489856705265
2025-04-09,0.2879975785146733,0.0,0.0,-0.042393726837042345,0.00025,-0.00025,26.64232342410887
2025-04-10,0.9231816772608694,1.0,0.5,0.04059436926686022,0.00025,0.02004718463343011,27.176427000855536
2025-04-11,0.7867867334819526,1.0,1.0,0.02205407661995684,0.00025,0.02180407661995684,27.76898389743885
2025-04-14,0.2140783190522001,0.0,0.5,-0.038933417075920684,0.00025,-0.019716708537960342,27.221470935537734
2025-04-16,0.9136100482637872,1.0,1.0,0.013949665806890499,0.00025,0.013699665806890499,27.594395990126582
2025-04-17,0.7745232995083638,1.0,1.0,-0.019392891310289984,0.0,-0.019392891310289984,27.059260867916954
2025-04-21,0.795942681247366,1.0,1.0,0.034065110587777614,0.0,0.034065110587777614,27.981037581806067
2025-04-22,0.7889718473584216,1.0,1.0,0.02433168803229968,0.0,0.02433168803229968,28.661863459066627
2025-04-23,0.6170939332050175,1.0,1.0,0.018426088780694405,0.0,0.018426088780694405,29.18998949978353
2025-04-24,0.20408205716502334,0.0,0.5,0.005091821959763321,0.00025,0.00229591097988166,29.257007117178713
2025-04-29,0.2572768914913413,0.0,0.0,0.0038588738658813515,0.00025,-0.00025,29.249692865399417
2025-05-01,0.23285476680286596,0.0,0.0,-0.037361741757710676,0.0,-0.0,29.249692865399417
2025-05-02,0.22990440883499905,0.0,0.0,-0.03145849927117084,0.0,-0.0,29.249692865399417
2025-05-05,0.6530992162303357,1.0,0.5,-0.011384763377168206,0.00025,-0.005942381688584103,29.07588002611936
2025-05-07,0.6695977204812971,1.0,1.0,0.0052660880535218,0.00025,0.0050160880535218,29.221727200564008
2025-05-09,0.49359430197844245,0.0,0.5,0.06314616899655467,0.00025,0.03132308449827734,30.13704183085288
2025-05-12,0.42224148128154676,0.0,0.0,0.010152280585241868,0.00025,-0.00025,30.129507570395166
2025-05-13,0.3627088470733741,0.0,0.0,-0.01173908704907789,0.0,-0.0,30.129507570395166
2025-05-19,0.4731405773376867,0.0,0.0,-0.00919624836148425,0.0,-0.0,30.129507570395166
2025-05-20,0.3961249513206708,0.0,0.0,-0.023059121838798324,0.0,-0.0,30.129507570395166
2025-05-21,0.45322002277142864,0.0,0.0,-0.03024427887573744,0.0,-0.0,30.129507570395166
2025-05-23,0.6705458876737349,1.0,0.5,0.025298317070217013,0.00025,0.012399158535108507,30.503088111345246
2025-05-27,0.5153360552808377,0.0,0.0,0.007783846649397574,0.00025,-0.00025,30.49546233931741
2025-06-03,0.24957204146697504,0.0,0.0,-0.010797740805414291,0.0,-0.0,30.49546233931741
2025-06-05,0.526755109565734,0.0,0.0,0.01639826694665114,0.0,0.0,30.49546233931741
2025-06-06,0.4709872041618249,0.0,0.0,-0.012112562253018933,0.0,-0.0,30.49546233931741
2025-06-09,0.3984676445172189,0.0,0.0,-0.019193760456297837,0.0,-0.0,30.49546233931741
2025-06-11,0.5847939733137337,1.0,0.5,-0.013805244367089187,0.00025,-0.0071526221835445936,30.277339818891758
2025-06-13,0.6333000674363958,1.0,1.0,0.010028031208825672,0.00025,0.009778031208825672,30.5733925925611
2025-06-16,0.5724872783102986,1.0,1.0,-0.014010719296581597,0.0,-0.014010719296581597,30.145037371002537
2025-06-17,0.5105424703988686,0.0,0.5,0.02248450514132916,0.00025,0.010992252570664579,30.476399235536718
2025-06-20,0.611038982567379,1.0,1.0,0.020340134193924886,0.00025,0.020090134193924886,31.088674185926276
2025-06-30,0.6497631732053247,1.0,1.0,0.012916154224275056,0.0,0.012916154224275056,31.49022029633994
2025-07-01,0.6930110872193492,1.0,1.0,0.022230770203315764,0.0,0.022230770203315764,32.19027214739966
2025-07-02,0.577117258557859,1.0,1.0,-0.016857939297312052,0.0,-0.016857939297312052,31.64761049357484
2025-07-07,0.6995801498564037,1.0,1.0,0.006014939675876629,0.0,0.006014939675876629,31.837968961579335
2025-07-10,0.5896957959984038,1.0,1.0,-0.012028812490351148,0.0,-0.012028812490351148,31.454996002866878
2025-07-14,0.5555879289541801,1.0,1.0,0.005523241182089356,0.0,0.005523241182089356,31.62872953217237
2025-07-18,0.45893022299115155,0.0,0.5,0.009036182474420285,0.00025,0.004268091237210142,31.763723835532723
2025-07-22,0.5204794921852995,0.0,0.0,-0.012987651582609505,0.00025,-0.00025,31.75578290457384
2025-07-29,0.4344342006103843,0.0,0.0,-0.010507881543836084,0.0,-0.0,31.75578290457384
2025-07-30,0.43847816751928426,0.0,0.0,-0.0250035932739211,0.0,-0.0,31.75578290457384
2025-08-01,0.6253514767411948,1.0,0.5,0.05090680618623611,0.00025,0.025203403093118054,32.55613670165536
2025-08-06,0.6848126468621235,1.0,1.0,0.03179364268982976,0.00025,0.03154364268982976,33.58307584513363
2025-08-07,0.7222316981532073,1.0,1.0,0.04235792328538146,0.0,0.04235792328538146,35.005585195468946
2025-08-08,0.2973147992051889,0.0,0.5,0.010872441677679756,0.00025,0.005186220838839878,35.18713189088547
2025-08-12,0.2579643397187626,0.0,0.0,0.01602441991019199,0.00025,-0.00025,35.178335107912744
2025-08-13,0.12275703614312176,0.0,0.0,-0.0030225698834628334,0.0,-0.0,35.178335107912744
2025-08-18,0.2684819595945326,0.0,0.0,-0.019734572779050663,0.0,-0.0,35.178335107912744
2025-08-20,0.5435197261383262,0.0,0.0,0.012716766064777785,0.0,0.0,35.178335107912744
2025-08-22,0.5838323361885289,1.0,0.5,0.009464667467088184,0.00025,0.004482333733544092,35.336016146056856
2025-08-26,0.5748875455221165,1.0,1.0,0.008980832210059075,0.00025,0.008730832210059075,35.64452897400001
2025-08-28,0.6141302531080681,1.0,1.0,-0.010424735828844955,0.0,-0.010424735828844955,35.27294417570245
2025-09-02,0.6034955347995323,1.0,1.0,0.038089848308826335,0.0,0.038089848308826335,36.616485268760655
2025-09-03,0.5273941688831663,0.0,0.5,-0.014839409394815983,0.00025,-0.007669704697407992,36.33564763969227
2025-09-09,0.4955802228630264,0.0,0.0,-0.03225949486019408,0.00025,-0.00025,36.32656372778235
2025-09-10,0.6409465177891431,1.0,0.5,0.014286368839370622,0.00025,0.006893184419685311,36.5769694308914
2025-09-11,0.6267274606318458,1.0,1.0,0.017562963814985233,0.00025,0.017312963814985233,37.210225179110246
2025-09-12,0.5416517605238075,0.0,0.5,0.011235910376080627,0.00025,0.005367955188040313,37.4099680004086
2025-09-15,0.5520263751199463,1.0,1.0,0.0035272375318422533,0.00025,0.003277237531842253,37.53256935160455
2025-09-17,0.6353788388907524,1.0,1.0,0.03203293660995743,0.0,0.03203293660995743,38.73484776645333
2025-09-19,0.7012179638519116,1.0,1.0,0.04309566831880085,0.0,0.04309566831880085,40.40415191817564
2025-09-22,0.6860926267104536,1.0,1.0,-0.008332331793480807,0.0,-0.008332331793480807,40.0674911185592
2025-09-24,0.61703720138627,1.0,1.0,0.018072995928489766,0.0,0.018072995928489766,40.791630722409714
2025-09-25,0.16946011228283855,0.0,0.5,-0.004031997224675621,0.00025,-0.0022659986123378106,40.69919694379774
2025-09-29,0.44507311153085083,0.0,0.0,0.00657666061710982,0.00025,-0.00025,40.68902214456179
2025-10-02,0.39249511621701044,0.0,0.0,-0.015577789314472068,0.0,-0.0,40.68902214456179
2025-10-09,0.42710491236932674,0.0,0.0,-0.034522080166306646,0.0,-0.0,40.68902214456179
2025-10-10,0.5696954189572557,1.0,0.5,0.009744360696440912,0.00025,0.004622180348220456,40.87709414310669
2025-10-13,0.5016085008057353,0.0,0.0,0.019559492412937862,0.00025,-0.00025,40.866874869570914
2025-10-17,0.6037810989878445,1.0,0.5,0.03943873008454002,0.00025,0.01946936504227001,41.662526974543354
2025-10-20,0.7202591308068191,1.0,1.0,-0.016440145325788524,0.00025,-0.016690145325788525,40.967173344698644
2025-10-22,0.703609145947719,1.0,1.0,0.012481781799657865,0.0,0.012481781799657865,41.47851666333593
2025-10-24,0.6577487275794128,1.0,1.0,0.02279122619072771,0.0,0.02279122619072771,42.42386291866589
2025-10-27,0.5844898354321896,1.0,1.0,0.0,0.0,0.0,42.42386291866589
