ts,qty,px,notional,cum_qty,cum_cost,strategy
2025-10-17 09:30:00-04:00,7991.8484677250035,248.33888066951437,1984686.7029552008,7991.8484677250035,1984686.7029552008,VWAP
2025-10-17 09:31:00-04:00,395.29822808216574,249.85825038721515,98768.52364977625,8387.146695807169,2083455.2266049772,VWAP
2025-10-17 09:34:00-04:00,2474.928306513563,249.24040044741895,616852.1221940928,10862.075002320731,2700307.34879907,VWAP
2025-10-17 09:35:00-04:00,252.52804036142362,249.49599633273658,63004.7350319269,11114.603042682154,2763312.083830997,VWAP
2025-10-17 09:36:00-04:00,248.3912187238528,249.48832979263358,61970.71029457077,11362.994261406007,2825282.7941255677,VWAP
2025-10-17 09:37:00-04:00,363.15063824803116,249.8946587872092,90749.40483334899,11726.144899654038,2916032.1989589166,VWAP
2025-10-17 09:38:00-04:00,292.999114695249,248.9580126474623,72944.47730199505,12019.144014349287,2988976.676260912,VWAP
2025-10-17 09:39:00-04:00,240.30946416322502,248.68686478999663,59761.807222116484,12259.453478512512,3048738.483483028,VWAP
2025-10-17 09:40:00-04:00,245.3160151691767,248.80882944551135,61036.79057848016,12504.76949368169,3109775.2740615085,VWAP
2025-10-17 09:41:00-04:00,241.99409755298277,248.53740034225544,60144.583903988496,12746.763591234672,3169919.857965497,VWAP
2025-10-17 09:42:00-04:00,191.48749265620708,248.6850361649641,47620.074036347156,12938.25108389088,3217539.932001844,VWAP
2025-10-17 09:43:00-04:00,425.00359791339713,248.2615478435488,105512.05105705722,13363.254681804277,3323051.9830589015,VWAP
2025-10-17 09:44:00-04:00,1134.5980959406193,248.47442381864593,281918.60815457813,14497.852777744896,3604970.5912134796,VWAP
2025-10-17 09:45:00-04:00,254.21018168995394,248.33376061107364,63128.97040469056,14752.06295943485,3668099.5616181702,VWAP
2025-10-17 09:46:00-04:00,912.844519677004,248.41611103813878,226765.28556063908,15664.907479111855,3894864.8471788093,VWAP
2025-10-17 09:47:00-04:00,403.5569189899427,248.72406560719153,100374.31759509059,16068.464398101798,3995239.1647739,VWAP
2025-10-17 09:48:00-04:00,479.2333422839866,249.32762739130033,119486.1121984693,16547.697740385785,4114725.2769723693,VWAP
2025-10-17 09:49:00-04:00,229.44158515030557,249.17753261710996,57171.68806751168,16777.139325536093,4171896.965039881,VWAP
2025-10-17 09:50:00-04:00,320.3494866665379,249.7324498207216,80001.6621040451,17097.48881220263,4251898.627143926,VWAP
2025-10-17 09:51:00-04:00,229.2297599459721,249.5631243883268,57207.295094902925,17326.718572148602,4309105.922238829,VWAP
2025-10-17 09:52:00-04:00,207.93011263493733,249.32894987461844,51842.996630580055,17534.64868478354,4360948.918869409,VWAP
2025-10-17 09:53:00-04:00,346.2719075544967,249.656721266092,86449.10910661097,17880.920592338036,4447398.027976019,VWAP
2025-10-17 09:54:00-04:00,271.8390228129515,249.57396136958903,67843.9417782664,18152.759615150986,4515241.969754286,VWAP
2025-10-17 09:55:00-04:00,328.6729711662286,249.7616500059357,82089.90359083058,18481.432586317216,4597331.873345117,VWAP
2025-10-17 09:56:00-04:00,185.72833915956483,249.76905869061855,46389.192444056454,18667.160925476783,4643721.065789173,VWAP
2025-10-17 09:57:00-04:00,159.42463290380581,249.40399724883306,39761.140706137005,18826.58555838059,4683482.20649531,VWAP
2025-10-17 09:58:00-04:00,331.2497624754143,249.51053621778286,82650.30585725383,19157.835320856004,4766132.512352564,VWAP
2025-10-17 09:59:00-04:00,159.57415657745295,249.36232517907686,39791.78272264375,19317.409477433455,4805924.295075208,VWAP
2025-10-17 10:00:00-04:00,189.06520914312344,249.30322525198295,47134.56642232137,19506.474686576577,4853058.861497529,VWAP
2025-10-17 10:01:00-04:00,194.70225163962053,249.51936702281026,48581.982587034036,19701.1769382162,4901640.844084563,VWAP
2025-10-17 10:02:00-04:00,212.92669539597918,249.71748472094978,53171.51880422776,19914.103633612176,4954812.362888791,VWAP
2025-10-17 10:03:00-04:00,215.93710535874155,249.93981935496473,53971.28110539785,20130.040738970918,5008783.643994189,VWAP
2025-10-17 10:04:00-04:00,346.75287537139496,249.89112277949815,86650.46535357728,20476.793614342314,5095434.109347766,VWAP
2025-10-17 10:05:00-04:00,213.81386919295218,249.96379183794147,53445.725491011945,20690.607483535267,5148879.834838778,VWAP
2025-10-17 10:06:00-04:00,187.57495652910697,249.64400851190567,46826.96404437272,20878.182440064375,5195706.79888315,VWAP
2025-10-17 10:07:00-04:00,144.68658280465291,249.62521883868322,36117.419895632745,21022.86902286903,5231824.218778783,VWAP
2025-10-17 10:08:00-04:00,124.5906010664776,249.5754969701931,31094.761178981218,21147.459623935505,5262918.979957765,VWAP
2025-10-17 10:09:00-04:00,125.60237792482323,249.50115743517512,31337.938668853683,21273.06200186033,5294256.918626619,VWAP
2025-10-17 10:10:00-04:00,156.89020663548683,249.8085814620123,39192.519964892956,21429.952208495815,5333449.438591512,VWAP
2025-10-17 10:11:00-04:00,269.72575489207196,250.19112152650743,67482.98912103134,21699.677963387887,5400932.427712543,VWAP
2025-10-17 10:12:00-04:00,372.32142356505557,250.3334740244338,93204.51541476305,22071.999386952943,5494136.943127306,VWAP
2025-10-17 10:13:00-04:00,254.74348279262873,250.70739401070233,63866.07471215014,22326.742869745573,5558003.017839456,VWAP
2025-10-17 10:14:00-04:00,231.5124880303184,250.78939459019742,58060.87671319387,22558.25535777589,5616063.89455265,VWAP
2025-10-17 10:15:00-04:00,1272.7679386354844,251.27279869566885,319811.9620310555,23831.023296411375,5935875.856583705,VWAP
2025-10-17 10:16:00-04:00,361.2392272865752,250.61845276769742,90533.21622156007,24192.26252369795,6026409.072805265,VWAP
2025-10-17 10:17:00-04:00,213.5845995600266,250.52034644901119,53507.28787795118,24405.847123257976,6079916.360683216,VWAP
2025-10-17 10:18:00-04:00,158.67701453557012,250.4614597753006,39742.47669336548,24564.524137793545,6119658.8373765815,VWAP
2025-10-17 10:19:00-04:00,144.19813880407227,250.43123704037563,36111.71827962361,24708.72227659762,6155770.555656205,VWAP
2025-10-17 10:20:00-04:00,235.07613558557517,250.5023202734774,58887.11740510915,24943.798412183194,6214657.673061314,VWAP
2025-10-17 10:21:00-04:00,155.62174747071361,250.2238689806825,38940.27574965671,25099.420159653906,6253597.94881097,VWAP
2025-10-17 10:22:00-04:00,145.4566297239357,250.3252419568268,36411.46602986877,25244.876789377842,6290009.414840839,VWAP
2025-10-17 10:23:00-04:00,140.08374571754854,250.28597569382347,35060.9969757621,25384.96053509539,6325070.411816601,VWAP
2025-10-17 10:24:00-04:00,178.0851873749686,250.72740886245938,44650.83758731144,25563.045722470357,6369721.249403913,VWAP
2025-10-17 10:25:00-04:00,241.97416106316317,250.6192625366022,60643.38579856296,25805.01988353352,6430364.635202476,VWAP
2025-10-17 10:26:00-04:00,204.236877895853,250.7512760564169,51212.65775016375,26009.256761429373,6481577.29295264,VWAP
2025-10-17 10:27:00-04:00,321.8123266070524,250.81276514382145,80714.6394936814,26331.069088036424,6562291.9324463215,VWAP
2025-10-17 10:28:00-04:00,154.79189108197198,250.61392505321987,38793.0033904635,26485.860979118395,6601084.935836785,VWAP
2025-10-17 10:29:00-04:00,1283.1598339539605,250.56476628025797,321514.64389488875,27769.020813072355,6922599.579731673,VWAP
2025-10-17 10:30:00-04:00,223.11922581625905,250.56229762285108,55905.26586435362,27992.140038888614,6978504.845596027,VWAP
2025-10-17 10:31:00-04:00,155.50960471547828,250.51340749529908,38957.24097552149,28147.64964360409,7017462.086571548,VWAP
2025-10-17 10:32:00-04:00,198.7319146444109,250.61473412521974,49805.1459508049,28346.3815582485,7067267.232522353,VWAP
2025-10-17 10:33:00-04:00,148.64896015630208,250.51548577404245,37238.8664633623,28495.0305184048,7104506.098985715,VWAP
2025-10-17 10:34:00-04:00,179.5629796828478,250.61676748861598,45001.493528739345,28674.59349808765,7149507.592514454,VWAP
2025-10-17 10:35:00-04:00,188.14065442773864,250.56760673405049,47141.95350933651,28862.734152515386,7196649.546023791,VWAP
2025-10-17 10:36:00-04:00,270.7001508320058,250.27249679042674,67748.80263027121,29133.434303347392,7264398.348654062,VWAP
2025-10-17 10:37:00-04:00,148.05086546171353,250.3443387652746,37063.696017639304,29281.485168809108,7301462.044671701,VWAP
2025-10-17 10:38:00-04:00,139.53549224750904,250.3200950102133,34928.53767669334,29421.020661056617,7336390.582348394,VWAP
2025-10-17 10:39:00-04:00,154.59501824500327,250.09999420941978,38664.213167880465,29575.61567930162,7375054.795516275,VWAP
2025-10-17 10:40:00-04:00,357.54599254749087,250.00046304281423,89386.66369597532,29933.16167184911,7464441.45921225,VWAP
2025-10-17 10:41:00-04:00,149.79032419847525,250.29369935759823,37491.57437161033,30082.951996047585,7501933.033583861,VWAP
2025-10-17 10:42:00-04:00,217.99803999384463,250.56615434277714,54622.93053552058,30300.950036041428,7556555.964119381,VWAP
2025-10-17 10:43:00-04:00,127.55366186591839,250.51669080320136,31954.321270480374,30428.503697907345,7588510.285389862,VWAP
2025-10-17 10:44:00-04:00,106.26896692224831,250.22631599118222,26591.292097142996,30534.772664829594,7615101.577487005,VWAP
2025-10-17 10:45:00-04:00,105.9250624728599,250.20672066622305,26503.162517699086,30640.697727302453,7641604.740004704,VWAP
2025-10-17 10:46:00-04:00,140.28809473819962,250.4081530912643,35129.28270408488,30780.985822040653,7676734.022708789,VWAP
2025-10-17 10:47:00-04:00,69.7478096339349,250.38382862182564,17463.72361413088,30850.73363167459,7694197.746322921,VWAP
2025-10-17 10:48:00-04:00,132.67484768833285,250.69048649404965,33260.3221125121,30983.408479362923,7727458.068435432,VWAP
2025-10-17 10:49:00-04:00,124.13953798430873,250.7514753346073,31128.172296921937,31107.54801734723,7758586.240732354,VWAP
2025-10-17 10:50:00-04:00,102.82493830590924,250.82245105712184,25790.803055685494,31210.37295565314,7784377.04378804,VWAP
2025-10-17 10:51:00-04:00,130.31735776716297,250.59207840945632,32656.497535702074,31340.690313420302,7817033.541323742,VWAP
2025-10-17 10:52:00-04:00,88.61022106452134,250.3217897375412,22181.069125910155,31429.300534484824,7839214.610449652,VWAP
2025-10-17 10:53:00-04:00,127.04278931429066,250.4928919425348,31823.315695782825,31556.343323799116,7871037.926145435,VWAP
2025-10-17 10:54:00-04:00,90.31229888287125,250.27167273408458,22602.610109876783,31646.65562268199,7893640.536255312,VWAP
2025-10-17 10:55:00-04:00,109.69305904876776,250.0311720647229,27426.684121328264,31756.348681730757,7921067.220376641,VWAP
2025-10-17 10:56:00-04:00,170.83328920308244,249.76166455973876,42667.60667357712,31927.181970933838,7963734.827050217,VWAP
2025-10-17 10:57:00-04:00,105.66588810520486,249.86805127231128,26402.529546805632,32032.847859039044,7990137.356597023,VWAP
2025-10-17 10:58:00-04:00,166.77621352479008,250.07949526680676,41707.31130078869,32199.624072563834,8031844.667897812,VWAP
2025-10-17 10:59:00-04:00,98.9871640156327,249.90869373885232,24737.752856060295,32298.61123657947,8056582.420753872,VWAP
2025-10-17 11:00:00-04:00,123.17760235051215,249.95040605535874,30788.29172443602,32421.78883892998,8087370.712478308,VWAP
2025-10-17 11:01:00-04:00,147.38050099152886,250.16698527954304,36869.73562203948,32569.16933992151,8124240.448100347,VWAP
2025-10-17 11:02:00-04:00,162.97332809169788,250.38870679321204,40806.680862666086,32732.14266801321,8165047.128963013,VWAP
2025-10-17 11:03:00-04:00,159.833330945108,250.20381018568796,39990.908397136045,32891.97599895832,8205038.037360149,VWAP
2025-10-17 11:04:00-04:00,105.90263392181282,250.39046267691964,26517.009506387156,32997.87863288013,8231555.046866536,VWAP
2025-10-17 11:05:00-04:00,125.5724731900938,250.49144515236034,31454.830280742623,33123.45110607022,8263009.877147279,VWAP
2025-10-17 11:06:00-04:00,185.4417521184078,250.54233699683448,46461.009952533575,33308.89285818863,8309470.887099813,VWAP
2025-10-17 11:07:00-04:00,83.58124150752259,250.47444849756388,20934.965371338418,33392.47409969615,8330405.852471151,VWAP
2025-10-17 11:08:00-04:00,87.78534879823462,250.40691254567255,21982.0581593109,33480.259448494384,8352387.910630463,VWAP
2025-10-17 11:09:00-04:00,59.30358102968231,250.27312791582915,14842.09272090842,33539.56302952406,8367230.003351371,VWAP
2025-10-17 11:10:00-04:00,90.99263159796573,250.36383501397503,22781.264204880503,33630.55566112203,8390011.267556252,VWAP
2025-10-17 11:11:00-04:00,76.93491421390732,250.18356163856524,19247.85085239281,33707.49057533594,8409259.118408645,VWAP
2025-10-17 11:12:00-04:00,108.322425373669,249.94296270724433,27074.42792552921,33815.81300070961,8436333.546334174,VWAP
2025-10-17 11:13:00-04:00,142.34902937330267,249.863219876603,35567.78682552255,33958.162030082916,8471901.333159696,VWAP
2025-10-17 11:14:00-04:00,148.64896015630208,249.7384547668389,37123.361612132285,34106.81099023922,8509024.694771828,VWAP
2025-10-17 11:15:00-04:00,169.58975065058374,249.82459395393877,42367.6905950318,34276.4007408898,8551392.38536686,VWAP
2025-10-17 11:16:00-04:00,77.00967605073089,249.92089489834495,19246.327154430306,34353.41041694053,8570638.71252129,VWAP
2025-10-17 11:17:00-04:00,198.48520058289313,249.96649056921686,49614.649019632874,34551.89561752343,8620253.361540923,VWAP
2025-10-17 11:18:00-04:00,103.88655638880392,249.89725445338354,25960.965216178713,34655.78217391223,8646214.326757101,VWAP
2025-10-17 11:19:00-04:00,147.1636916647405,249.79737574045504,36761.10398212965,34802.94586557697,8682975.430739231,VWAP
2025-10-17 11:20:00-04:00,184.45987999479158,249.5872593649453,46038.835910686736,34987.40574557176,8729014.266649919,VWAP
2025-10-17 11:21:00-04:00,122.52717437014711,249.4928413725999,30569.652878964003,35109.93291994191,8759583.919528883,VWAP
2025-10-17 11:22:00-04:00,319.44237637974527,249.29262680489117,79634.62912050342,35429.375296321654,8839218.548649386,VWAP
2025-10-17 11:23:00-04:00,137.52938295940993,249.53028718352311,34317.74642603429,35566.90467928106,8873536.29507542,VWAP
2025-10-17 11:24:00-04:00,186.33889416029064,249.59125433632914,46508.558325111415,35753.24357344135,8920044.853400532,VWAP
2025-10-17 11:25:00-04:00,120.21703361229882,249.51189702504502,29995.58011132828,35873.460607053654,8950040.43351186,VWAP
2025-10-17 11:26:00-04:00,177.71885437453312,249.77361580865593,44389.48085449911,36051.17946142819,8994429.914366359,VWAP
2025-10-17 11:27:00-04:00,108.8233296803869,249.62390585997437,27164.904603505856,36160.00279110858,9021594.818969864,VWAP
2025-10-17 11:28:00-04:00,61.30221413409906,249.53407425204233,15296.991253552873,36221.30500524268,9036891.810223417,VWAP
2025-10-17 11:29:00-04:00,168.58046585346557,249.53439025327623,42066.62375535778,36389.885471096146,9078958.433978776,VWAP
2025-10-17 11:30:00-04:00,133.14584726032132,249.70899675373732,33247.71594130118,36523.031318356465,9112206.149920076,VWAP
2025-10-17 11:31:00-04:00,193.17711016841972,249.5158677529131,48200.75427367334,36716.208428524886,9160406.90419375,VWAP
2025-10-17 11:32:00-04:00,135.60551169181676,249.59718441927046,33846.753910011925,36851.8139402167,9194253.658103762,VWAP
2025-10-17 11:33:00-04:00,104.82606347155344,249.56605054594021,26161.026654873644,36956.640003688255,9220414.684758635,VWAP
2025-10-17 11:34:00-04:00,77.1292949896486,249.68880810025422,19258.32173557827,37033.7692986779,9239673.006494213,VWAP
2025-10-17 11:35:00-04:00,132.06429268760704,249.6188960128075,32965.742943392754,37165.83359136551,9272638.749437606,VWAP
2025-10-17 11:36:00-04:00,320.74323234047534,249.40868198811197,79996.14683464472,37486.57682370598,9352634.896272251,VWAP
2025-10-17 11:37:00-04:00,126.68642455876497,249.49063723247656,31607.07679187034,37613.263248264746,9384241.97306412,VWAP
2025-10-17 11:38:00-04:00,142.2493469242046,249.32015539992165,35465.629280680056,37755.51259518895,9419707.602344802,VWAP
2025-10-17 11:39:00-04:00,213.327917253599,249.61753102144118,53250.38800278969,37968.84051244255,9472957.990347592,VWAP
2025-10-17 11:40:00-04:00,220.9012913238265,249.80441098612226,55182.11696522228,38189.741803766374,9528140.107312815,VWAP
2025-10-17 11:41:00-04:00,144.05359925288005,249.9260313904052,36002.74436877615,38333.795403019256,9564142.851681592,VWAP
2025-10-17 11:42:00-04:00,176.74944255705418,250.00709945065552,44188.61546320937,38510.54484557631,9608331.467144802,VWAP
2025-10-17 11:43:00-04:00,115.07341923883729,249.877422724437,28754.249423489306,38625.61826481515,9637085.716568291,VWAP
2025-10-17 11:44:00-04:00,1151.7559374916282,250.15910680579748,288122.2365811796,39777.37420230678,9925207.953149471,VWAP
2025-10-17 11:45:00-04:00,112.45426288878492,250.10968745007543,28125.900543542615,39889.82846519557,9953333.853693014,VWAP
2025-10-17 11:46:00-04:00,136.0939556923974,250.23909105297136,34056.02777026888,40025.92242088797,9987389.881463284,VWAP
2025-10-17 11:47:00-04:00,93.82859727480644,250.27160528938788,23482.63366201729,40119.75101816277,10010872.5151253,VWAP
2025-10-17 11:48:00-04:00,190.67757275728508,250.50415944097062,47765.525087808215,40310.428590920055,10058638.040213108,VWAP
2025-10-17 11:49:00-04:00,166.1432299730172,250.52909405349186,41623.712888260954,40476.57182089307,10100261.75310137,VWAP
2025-10-17 11:50:00-04:00,340.72208720096046,250.57862556493694,85377.67231043326,40817.293908094034,10185639.425411802,VWAP
2025-10-17 11:51:00-04:00,153.90970140745387,250.5667270671045,38564.65014554104,40971.203609501485,10224204.075557344,VWAP
2025-10-17 11:52:00-04:00,161.1865201916146,250.4971653666506,40376.76640331384,41132.3901296931,10264580.841960657,VWAP
2025-10-17 11:53:00-04:00,147.16867578719544,250.69380248649412,36894.274939994066,41279.558805480294,10301475.11690065,VWAP
2025-10-17 11:54:00-04:00,101.05059071196321,250.63425844297333,25326.73986831731,41380.60939619226,10326801.856768968,VWAP
2025-10-17 11:55:00-04:00,113.96694405384847,250.73567919098107,28575.579122662235,41494.57634024611,10355377.43589163,VWAP
2025-10-17 11:56:00-04:00,165.54513527842866,250.8060368598476,41519.719300610035,41660.12147552454,10396897.155192241,VWAP
2025-10-17 11:57:00-04:00,168.37860889404192,250.81687499564853,42232.19649891811,41828.50008441858,10439129.351691158,VWAP
2025-10-17 11:58:00-04:00,118.91617765156873,250.74739031101325,29817.921211891695,41947.416262070146,10468947.27290305,VWAP
2025-10-17 11:59:00-04:00,145.8428992141908,250.66509899037786,36557.724768568834,42093.25916128434,10505504.997671619,VWAP
2025-10-17 12:00:00-04:00,187.36811544722843,250.87922025958736,47006.766704909016,42280.62727673157,10552511.764376529,VWAP
2025-10-17 12:01:00-04:00,144.7139954781549,250.77466560596466,36290.60382453738,42425.34127220972,10588802.368201066,VWAP
2025-10-17 12:02:00-04:00,142.93715582298142,250.96116395480243,35871.67499772438,42568.2784280327,10624674.04319879,VWAP
2025-10-17 12:03:00-04:00,425.72878773058574,251.08639776503284,106894.70773614709,42994.00721576329,10731568.750934938,VWAP
2025-10-17 12:04:00-04:00,191.84385741173276,251.00406115025325,48153.587317075035,43185.85107317502,10779722.338252014,VWAP
2025-10-17 12:05:00-04:00,79.90545119703046,250.99994585264955,20056.263923786177,43265.75652437205,10799778.6021758,VWAP
2025-10-17 12:06:00-04:00,201.14422991258473,251.09574251323266,50506.459762152845,43466.90075428464,10850285.061937952,VWAP
2025-10-17 12:07:00-04:00,159.6090454346373,251.10172234701557,40078.106210800484,43626.50979971927,10890363.168148752,VWAP
2025-10-17 12:08:00-04:00,115.59426003537482,251.107488528874,29026.58432583656,43742.104059754645,10919389.75247459,VWAP
2025-10-17 12:09:00-04:00,225.95269943187233,251.2687406198936,56774.85022591191,43968.05675918652,10976164.602700502,VWAP
2025-10-17 12:10:00-04:00,105.05533310447905,251.12919103606058,26382.4608165517,44073.112092291,11002547.063517053,VWAP
2025-10-17 12:11:00-04:00,162.39018576447404,250.98906998373656,40758.161699511555,44235.50227805547,11043305.225216564,VWAP
2025-10-17 12:12:00-04:00,208.4011122069258,250.88938587872525,52285.627058038925,44443.9033902624,11095590.852274602,VWAP
2025-10-17 12:13:00-04:00,109.93728104905809,250.82006114575088,27574.47555492235,44553.84067131146,11123165.327829525,VWAP
2025-10-17 12:14:00-04:00,118.43022571221553,250.8808367489831,29711.874123051566,44672.27089702368,11152877.201952577,VWAP
2025-10-17 12:15:00-04:00,213.0662508247165,250.99187512523406,53477.89782039904,44885.3371478484,11206355.099772975,VWAP
2025-10-17 12:16:00-04:00,107.79909251590404,250.9074862360837,27047.599321696507,44993.1362403643,11233402.699094672,VWAP
2025-10-17 12:17:00-04:00,150.9615929753778,250.80153203630312,37861.39879686557,45144.09783333968,11271264.097891537,VWAP
2025-10-17 12:18:00-04:00,113.91710282929941,250.63247973386694,28551.325966205222,45258.01493616898,11299815.423857743,VWAP
2025-10-17 12:19:00-04:00,173.9010165740762,250.76458315181594,43608.21593087525,45431.91595274305,11343423.639788618,VWAP
2025-10-17 12:20:00-04:00,152.42692497711977,250.9552345247443,38252.3347055187,45584.34287772017,11381675.974494137,VWAP
2025-10-17 12:21:00-04:00,117.8097024665799,250.9609507916829,29565.634943498164,45702.15258018675,11411241.609437635,VWAP
2025-10-17 12:22:00-04:00,239.8559090198287,250.95648282205562,60193.39531170317,45942.00848920658,11471435.00474934,VWAP
2025-10-17 12:23:00-04:00,185.85045015970996,251.2388277044193,46692.84922646414,46127.85893936629,11518127.853975803,VWAP
2025-10-17 12:24:00-04:00,166.52949946327232,251.1392330103821,41822.090768809045,46294.38843882956,11559949.944744611,VWAP
2025-10-17 12:25:00-04:00,160.747917415583,251.22046170787485,40383.166031722096,46455.136356245144,11600333.110776333,VWAP
2025-10-17 12:26:00-04:00,135.0497820380949,251.11060195352727,33912.43206127866,46590.186138283236,11634245.542837612,VWAP
2025-10-17 12:27:00-04:00,164.07481915423182,251.3925703416367,41247.19051552154,46754.260957437466,11675492.733353134,VWAP
2025-10-17 12:28:00-04:00,112.70346901153013,251.35304205173546,28328.3597858316,46866.964426449,11703821.093138967,VWAP
2025-10-17 12:29:00-04:00,183.24624617702233,251.41029590455554,46069.992974764216,47050.21067262602,11749891.08611373,VWAP
2025-10-17 12:30:00-04:00,352.2005212146057,251.7461277910975,88665.11742178327,47402.41119384062,11838556.203535514,VWAP
2025-10-17 12:31:00-04:00,180.73674052097786,251.72261016847386,45495.524077282724,47583.1479343616,11884051.727612797,VWAP
2025-10-17 12:32:00-04:00,170.93795577463544,251.67823141734,43021.362391455725,47754.08589013624,11927073.090004252,VWAP
2025-10-17 12:33:00-04:00,227.04920637195136,251.8296847183583,57177.730056201974,47981.13509650819,11984250.820060454,VWAP
2025-10-17 12:34:00-04:00,289.78684777306296,251.62980524281602,72919.0080670654,48270.921944281254,12057169.82812752,VWAP
2025-10-17 12:35:00-04:00,353.66834527757516,251.79183094638645,89050.80020521944,48624.59028955883,12146220.62833274,VWAP
2025-10-17 12:36:00-04:00,200.42153215662356,251.8235537484129,50470.86247538276,48825.01182171545,12196691.490808122,VWAP
2025-10-17 12:37:00-04:00,288.5557695267015,251.80858841190047,72660.82100262839,49113.56759124215,12269352.31181075,VWAP
2025-10-17 12:38:00-04:00,130.2700086038414,251.7884815650968,32800.48765983332,49243.83759984599,12302152.799470583,VWAP
2025-10-17 12:39:00-04:00,174.85547602419044,251.87655115629158,44041.99425176472,49418.69307587018,12346194.793722348,VWAP
2025-10-17 12:40:00-04:00,200.11251656441948,251.92755808721526,50413.85764076161,49618.8055924346,12396608.65136311,VWAP
2025-10-17 12:41:00-04:00,184.60441954598383,251.82799211336268,46488.56030951791,49803.41001198058,12443097.211672628,VWAP
2025-10-17 12:42:00-04:00,156.7606194516593,251.7504571624723,39464.55761202757,49960.17063143224,12482561.769284656,VWAP
2025-10-17 12:43:00-04:00,165.74450017662485,251.78933228744705,41732.69702978902,50125.91513160886,12524294.466314446,VWAP
2025-10-17 12:44:00-04:00,253.27565872965934,251.74625900687352,63761.19958269333,50379.19079033852,12588055.66589714,VWAP
2025-10-17 12:45:00-04:00,238.12891058920425,251.7761158385133,59955.17217700647,50617.31970092773,12648010.838074146,VWAP
2025-10-17 12:46:00-04:00,184.4175149539249,251.7369747961015,46424.70731391586,50801.73721588165,12694435.545388062,VWAP
2025-10-17 12:47:00-04:00,266.5782815617997,251.8332154086986,67133.26580383342,51068.31549744345,12761568.811191894,VWAP
2025-10-17 12:48:00-04:00,628.0318261139357,252.179444256894,158376.7168850546,51696.347323557384,12919945.528076949,VWAP
2025-10-17 12:49:00-04:00,186.57813203812606,252.1083542980558,47037.90581613732,51882.92545559551,12966983.433893086,VWAP
2025-10-17 12:50:00-04:00,373.5375494440523,252.43563846941467,94294.18978620988,52256.463005039564,13061277.623679297,VWAP
2025-10-17 12:51:00-04:00,215.00258239844695,252.3116937559344,54247.665726852,52471.46558743801,13115525.289406149,VWAP
2025-10-17 12:52:00-04:00,181.10058146018588,252.12879395199377,45660.67118756147,52652.5661688982,13161185.96059371,VWAP
2025-10-17 12:53:00-04:00,139.7248889007954,252.04217470444317,35216.56485889319,52792.291057799,13196402.525452603,VWAP
2025-10-17 12:54:00-04:00,147.00669180741102,252.10807576912592,37061.57419675132,52939.297749606405,13233464.099649355,VWAP
2025-10-17 12:55:00-04:00,158.5573955966524,252.033370300723,39961.754798329326,53097.85514520306,13273425.854447683,VWAP
2025-10-17 12:56:00-04:00,145.80551829577902,252.07422778408434,36753.81343106668,53243.660663498835,13310179.66787875,VWAP
2025-10-17 12:57:00-04:00,236.56140407713679,252.17783021643876,59655.54159312657,53480.222067575975,13369835.209471878,VWAP
2025-10-17 12:58:00-04:00,166.69397550428417,252.42747253604747,42078.138923532264,53646.91604308026,13411913.348395409,VWAP
2025-10-17 12:59:00-04:00,141.17776059640008,252.27750753415614,35615.973562513616,53788.09380367666,13447529.321957923,VWAP
2025-10-17 13:00:00-04:00,3258.0685154853572,252.18768813328,821644.7667000798,57046.16231916202,14269174.088658003,VWAP
2025-10-17 13:01:00-04:00,115.54940293328067,252.0507137783888,29124.309486000046,57161.7117220953,14298298.398144003,VWAP
2025-10-17 13:02:00-04:00,96.30321407366658,251.90050444735616,24258.82820505834,57258.01493616897,14322557.226349061,VWAP
2025-10-17 13:03:00-04:00,133.8261799754158,251.77532413836667,33694.12984150971,57391.84111614439,14356251.356190572,VWAP
2025-10-17 13:04:00-04:00,167.3294511172845,251.66536683057245,42111.027696989746,57559.17056726167,14398362.383887561,VWAP
2025-10-17 13:05:00-04:00,164.76761217546354,251.67106960898053,41467.24119311659,57723.93817943714,14439829.625080677,VWAP
2025-10-17 13:06:00-04:00,125.30582263875641,251.98821138913107,31575.590123383914,57849.244002075895,14471405.21520406,VWAP
2025-10-17 13:07:00-04:00,130.77838909424165,251.75766456878918,32924.46181443468,57980.02239117014,14504329.677018495,VWAP
2025-10-17 13:08:00-04:00,131.50856303388517,251.8536442065076,33120.91084444519,58111.53095420403,14537450.58786294,VWAP
2025-10-17 13:09:00-04:00,148.25023035990972,251.7161407517642,37316.9758517565,58259.78118456394,14574767.563714696,VWAP
2025-10-17 13:10:00-04:00,78.35788117478258,251.76437781090317,19727.72320054982,58338.13906573872,14594495.286915246,VWAP
2025-10-17 13:11:00-04:00,286.8487075858967,251.91549709076023,72261.63476134329,58624.98777332461,14666756.92167659,VWAP
2025-10-17 13:12:00-04:00,275.2381943271964,252.34855673932495,69455.96109800588,58900.22596765181,14736212.882774595,VWAP
2025-10-17 13:13:00-04:00,168.60787852696754,252.39991818925913,42556.614746271145,59068.83384617878,14778769.497520866,VWAP
2025-10-17 13:14:00-04:00,110.71480415202322,252.28005228747557,27931.136580470036,59179.548650330806,14806700.634101337,VWAP
2025-10-17 13:15:00-04:00,94.72075519423437,252.1549208619254,23884.304529983976,59274.26940552504,14830584.93863132,VWAP
2025-10-17 13:16:00-04:00,182.06251709398248,252.01606455547397,45882.67906108917,59456.33192261902,14876467.61769241,VWAP
2025-10-17 13:17:00-04:00,92.77196331436667,251.97499943461173,23376.215403685364,59549.103885933386,14899843.833096094,VWAP
2025-10-17 13:18:00-04:00,103.83920722548231,251.9102846740797,26158.164252502003,59652.943093158865,14926001.997348597,VWAP
2025-10-17 13:19:00-04:00,89.42263302467079,251.90587661264283,22526.08676109036,59742.36572618353,14948528.084109688,VWAP
2025-10-17 13:20:00-04:00,195.40999702821696,252.0627739574255,49255.58590994464,59937.77572321175,14997783.670019632,VWAP
2025-10-17 13:21:00-04:00,85.90384257150814,251.82142595482662,21632.42813135612,60023.67956578326,15019416.098150989,VWAP
2025-10-17 13:22:00-04:00,98.29935511685586,252.10308068909922,24781.570254711132,60121.97892090012,15044197.6684057,VWAP
2025-10-17 13:23:00-04:00,138.12249353154357,252.05325630255913,34814.22426325472,60260.10141443166,15079011.892668955,VWAP
2025-10-17 13:24:00-04:00,135.54819428358536,252.0035767200479,34158.62977740746,60395.64960871524,15113170.522446362,VWAP
2025-10-17 13:25:00-04:00,175.45107865755153,252.17743109915673,44244.80229943743,60571.10068737279,15157415.3247458,VWAP
2025-10-17 13:26:00-04:00,1323.2147340628012,252.1253863836553,333616.0260941294,61894.31542143559,15491031.35083993,VWAP
2025-10-17 13:27:00-04:00,52.17628591916875,252.1306824265042,13155.242575280417,61946.491707354755,15504186.59341521,VWAP
2025-10-17 13:28:00-04:00,141.72352200521215,251.99023190776404,35712.94317687851,62088.215229359965,15539899.536592089,VWAP
2025-10-17 13:29:00-04:00,73.75504408767819,251.99582366602337,18585.963084398332,62161.970273447645,15558485.499676486,VWAP
2025-10-17 13:30:00-04:00,101.86798679456756,251.72484082305226,25642.70276082731,62263.83826024221,15584128.202437313,VWAP
2025-10-17 13:31:00-04:00,105.98736400354619,251.66999292611808,26673.839149030373,62369.82562424576,15610802.041586343,VWAP
2025-10-17 13:32:00-04:00,94.3693745611636,251.7809316239866,23760.40904378271,62464.194998806925,15634562.450630127,VWAP
2025-10-17 13:33:00-04:00,143.26610790500513,251.97721643613514,36099.79507954217,62607.46110671193,15670662.245709669,VWAP
2025-10-17 13:34:00-04:00,89.71420418828271,252.07323274099534,22614.549472526167,62697.17531090022,15693276.795182195,VWAP
2025-10-17 13:35:00-04:00,101.05806689564557,252.008278538091,25467.46947075888,62798.23337779586,15718744.264652953,VWAP
2025-10-17 13:36:00-04:00,94.8029932147403,252.08402876612982,23898.320468659804,62893.0363710106,15742642.585121613,VWAP
2025-10-17 13:37:00-04:00,121.8692702060997,252.00403906502828,30711.548329844434,63014.905641216705,15773354.133451458,VWAP
2025-10-17 13:38:00-04:00,90.65620333225966,251.80969542793963,22828.110949749673,63105.56184454897,15796182.244401207,VWAP
2025-10-17 13:39:00-04:00,112.0530410311651,251.88932844360488,28224.96525540388,63217.61488558013,15824407.209656611,VWAP
2025-10-17 13:40:00-04:00,114.54261019738993,251.93548632517525,28857.34820503441,63332.15749577752,15853264.557861645,VWAP
2025-10-17 13:41:00-04:00,76.94737452004459,251.7983878827335,19375.224855956152,63409.10487029757,15872639.7827176,VWAP
2025-10-17 13:42:00-04:00,73.70271080190169,251.70465019689078,18551.31504095527,63482.80758109947,15891191.097758556,VWAP
2025-10-17 13:43:00-04:00,131.68799144226173,251.59441859093235,33131.96364232351,63614.49557254173,15924323.06140088,VWAP
2025-10-17 13:44:00-04:00,113.49096035940508,251.68535704307217,28564.01287921802,63727.98653290114,15952887.074280098,VWAP
2025-10-17 13:45:00-04:00,126.43721843601976,251.55518139945445,31805.9374193154,63854.423751337155,15984693.011699414,VWAP
2025-10-17 13:46:00-04:00,84.91449426420958,251.57577505441245,21362.429707871986,63939.338245601364,16006055.441407286,VWAP
2025-10-17 13:47:00-04:00,74.58240841519236,251.45554346982007,18754.160041330277,64013.920654016554,16024809.601448616,VWAP
2025-10-17 13:48:00-04:00,255.17211732375054,251.82758294144048,64259.37753968977,64269.09277134031,16089068.978988307,VWAP
2025-10-17 13:49:00-04:00,82.78876603719276,251.9089607848148,20855.232017086397,64351.8815373775,16109924.211005393,VWAP
2025-10-17 13:50:00-04:00,405.96425013566153,252.17856045815736,102375.48019668645,64757.845787513164,16212299.69120208,VWAP
2025-10-17 13:51:00-04:00,192.57652341260373,252.15201027826282,48558.557510886974,64950.422310925765,16260858.248712966,VWAP
2025-10-17 13:52:00-04:00,76.56110502978947,252.10251853383494,19301.247399743384,65026.983415955554,16280159.49611271,VWAP
2025-10-17 13:53:00-04:00,426.29199356798995,252.3841458019976,107589.3406588878,65453.27540952354,16387748.836771598,VWAP
2025-10-17 13:54:00-04:00,163.5539783576943,252.49330430234178,41296.284427327926,65616.82938788124,16429045.121198926,VWAP
2025-10-17 13:55:00-04:00,138.44646149111236,252.3964757867182,34943.39896549835,65755.27584937235,16463988.520164425,VWAP
2025-10-17 13:56:00-04:00,174.17514330909594,252.43721051039338,43968.28731719619,65929.45099268145,16507956.80748162,VWAP
2025-10-17 13:57:00-04:00,133.47729140357248,252.22687555448726,33666.56016819891,66062.92828408502,16541623.36764982,VWAP
2025-10-17 13:58:00-04:00,106.66022053495833,252.3981993461082,26920.847604882278,66169.58850461998,16568544.215254702,VWAP
2025-10-17 13:59:00-04:00,134.78562354798495,252.49909386630478,34033.24781207107,66304.37412816797,16602577.463066773,VWAP
2025-10-17 14:00:00-04:00,259.1992882673134,252.66038072869142,65489.39085822525,66563.57341643528,16668066.853924999,VWAP
2025-10-17 14:01:00-04:00,176.46783963835207,252.79198938170526,44609.656244070764,66740.04125607363,16712676.51016907,VWAP
2025-10-17 14:02:00-04:00,214.10294829533666,252.7243498825132,54109.02841586829,66954.14420436896,16766785.538584938,VWAP
2025-10-17 14:03:00-04:00,147.85150056351733,252.7326997961964,37366.90890633659,67101.99570493247,16804152.447491273,VWAP
2025-10-17 14:04:00-04:00,185.85792634339234,252.66344561122756,46959.50406407925,67287.85363127587,16851111.951555353,VWAP
2025-10-17 14:05:00-04:00,266.0250439693053,252.97563917843843,67297.85553560719,67553.87867524517,16918409.80709096,VWAP
2025-10-17 14:06:00-04:00,134.88032187462812,252.92138561115402,34114.11790020939,67688.7589971198,16952523.924991168,VWAP
2025-10-17 14:07:00-04:00,157.14439688068697,252.86020511171262,39735.564427406876,67845.90339400049,16992259.489418574,VWAP
2025-10-17 14:08:00-04:00,206.44982826583066,252.9985625466104,52231.509789249736,68052.35322226632,17044490.999207824,VWAP
2025-10-17 14:09:00-04:00,161.85688466179926,253.13931570525972,40972.34102547301,68214.21010692812,17085463.340233296,VWAP
2025-10-17 14:10:00-04:00,414.6291470235132,253.1700904164216,104971.69864122661,68628.83925395164,17190435.03887452,VWAP
2025-10-17 14:11:00-04:00,131.97208642219132,253.08122217268172,33399.656924406954,68760.81134037382,17223834.69579893,VWAP
2025-10-17 14:12:00-04:00,173.8960324516213,253.01139389433928,43997.67756327996,68934.70737282545,17267832.37336221,VWAP
2025-10-17 14:13:00-04:00,186.71270334440845,252.90655136294754,47220.86589848742,69121.42007616986,17315053.239260696,VWAP
2025-10-17 14:14:00-04:00,112.21502501094949,253.04590709623872,28395.55279372283,69233.63510118081,17343448.79205442,VWAP
2025-10-17 14:15:00-04:00,198.18615323559885,253.24428653730675,50189.51097772258,69431.82125441641,17393638.30303214,VWAP
2025-10-17 14:16:00-04:00,188.31260665243286,253.24514250867531,47689.25290787548,69620.13386106884,17441327.555940017,VWAP
2025-10-17 14:17:00-04:00,129.3977871742331,253.14024333286545,32755.7873320197,69749.53164824308,17474083.343272038,VWAP
2025-10-17 14:18:00-04:00,106.19420508542474,253.08545730197147,26876.208956864066,69855.7258533285,17500959.5522289,VWAP
2025-10-17 14:19:00-04:00,259.39117698182724,253.30692008349058,65705.58013809827,70115.11703031033,17566665.132367,VWAP
2025-10-17 14:20:00-04:00,305.4519446488281,253.4988159646587,77431.70630258038,70420.56897495915,17644096.83866958,VWAP
2025-10-17 14:21:00-04:00,167.53130807670811,253.43967554618473,42459.08036278882,70588.10028303586,17686555.91903237,VWAP
2025-10-17 14:22:00-04:00,217.09342176827943,253.54079354341906,55042.03842818573,70805.19370480414,17741597.957460556,VWAP
2025-10-17 14:23:00-04:00,339.4710724647794,253.6471106566365,86105.85668220097,71144.66477726892,17827703.814142756,VWAP
2025-10-17 14:24:00-04:00,154.9538750617564,253.5629613692045,39290.56343629268,71299.61865233067,17866994.37757905,VWAP
2025-10-17 14:25:00-04:00,173.56458830837016,253.48314985596355,43995.69854785921,71473.18324063903,17910990.076126907,VWAP
2025-10-17 14:26:00-04:00,162.08117017226996,253.52399922374235,41091.46646093782,71635.2644108113,17952081.542587847,VWAP
2025-10-17 14:27:00-04:00,110.15907449830136,253.45425542733588,27920.286205531396,71745.4234853096,17980001.828793377,VWAP
2025-10-17 14:28:00-04:00,136.65716152980164,253.46973719372133,34638.454818598744,71882.0806468394,18014640.283611976,VWAP
2025-10-17 14:29:00-04:00,130.967785747528,253.52551997992757,33203.67598226178,72013.04843258693,18047843.95959424,VWAP
2025-10-17 14:30:00-04:00,136.5176061010643,253.55615070802864,34614.87870686075,72149.566038688,18082458.8383011,VWAP
2025-10-17 14:31:00-04:00,135.14697242596554,253.49937311127505,34259.67278786904,72284.71301111397,18116718.511088967,VWAP
2025-10-17 14:32:00-04:00,132.10914978970118,253.55715788703068,33497.22055154865,72416.82216090367,18150215.731640518,VWAP
2025-10-17 14:33:00-04:00,147.17615197087778,253.29638754761615,37279.18762738231,72563.99831287455,18187494.9192679,VWAP
2025-10-17 14:34:00-04:00,163.93775578672194,253.3974088853627,41541.402534836714,72727.93606866128,18229036.321802735,VWAP
2025-10-17 14:35:00-04:00,120.45627149013426,253.50855049753687,30536.69478380171,72848.39234015142,18259573.01658654,VWAP
2025-10-17 14:36:00-04:00,168.2016725468928,253.4788501076761,42635.56654337426,73016.5940126983,18302208.583129913,VWAP
2025-10-17 14:37:00-04:00,109.3940117014735,253.35889017352582,27715.945396315023,73125.98802439978,18329924.528526228,VWAP
2025-10-17 14:38:00-04:00,192.0506984936113,253.17840727391453,48623.08996045528,73318.03872289338,18378547.618486684,VWAP
2025-10-17 14:39:00-04:00,148.32000807427838,253.0449625787179,37531.63089283091,73466.35873096767,18416079.249379516,VWAP
2025-10-17 14:40:00-04:00,161.99893215176402,253.11433768558243,41004.25241736536,73628.35766311943,18457083.501796883,VWAP
2025-10-17 14:41:00-04:00,128.85700988787593,253.03665501993592,32605.546757898934,73757.2146730073,18489689.04855478,VWAP
2025-10-17 14:42:00-04:00,119.1005901824002,253.16062134009167,30151.579412548053,73876.3152631897,18519840.62796733,VWAP
2025-10-17 14:43:00-04:00,112.5439770929732,253.08569376532708,28483.2705216842,73988.85924028266,18548323.898489017,VWAP
2025-10-17 14:44:00-04:00,119.86565297922806,252.98059621052394,30323.68435584888,74108.7248932619,18578647.582844865,VWAP
2025-10-17 14:45:00-04:00,125.24601316929754,252.96093176674276,31682.34819137524,74233.97090643119,18610329.93103624,VWAP
2025-10-17 14:46:00-04:00,134.59373483347113,253.02167969460223,34055.132863934756,74368.56464126466,18644385.063900176,VWAP
2025-10-17 14:47:00-04:00,108.40217133294747,252.96690856729165,27422.162164077607,74476.9668125976,18671807.226064254,VWAP
2025-10-17 14:48:00-04:00,146.79735866430502,253.1230608760703,37157.796753631206,74623.76417126191,18708965.022817884,VWAP
2025-10-17 14:49:00-04:00,180.4202487450914,253.2140324288519,45684.938716561104,74804.184420007,18754649.961534444,VWAP
2025-10-17 14:50:00-04:00,211.43395072073528,253.39557879791332,53576.428320410196,75015.61837072774,18808226.389854856,VWAP
2025-10-17 14:51:00-04:00,127.46145560050265,253.3360558481912,32290.58243450068,75143.07982632823,18840516.972289357,VWAP
2025-10-17 14:52:00-04:00,101.30228889593587,253.4369999516357,25673.748186019886,75244.38211522417,18866190.720475376,VWAP
2025-10-17 14:53:00-04:00,120.25690659193805,253.38058713258715,30470.765599013954,75364.63902181611,18896661.486074388,VWAP
2025-10-17 14:54:00-04:00,90.68112394453419,253.36435550321588,22975.36452451414,75455.32014576065,18919636.8505989,VWAP
2025-10-17 14:55:00-04:00,118.23833699770168,253.30750471718278,29950.658106797164,75573.55848275835,18949587.508705698,VWAP
2025-10-17 14:56:00-04:00,80.0499907482227,253.30793275671604,20277.297673626537,75653.60847350658,18969864.806379326,VWAP
2025-10-17 14:57:00-04:00,84.46841530449561,253.33836849787656,21399.090522841983,75738.07688881108,18991263.896902166,VWAP
2025-10-17 14:58:00-04:00,155.49963647056845,253.47342705196093,39415.025761529076,75893.57652528165,19030678.922663696,VWAP
2025-10-17 14:59:00-04:00,135.54819428358536,253.51358108862914,34363.308142928974,76029.12471956524,19065042.230806626,VWAP
2025-10-17 15:00:00-04:00,279.3476032912653,253.5206029511811,70820.37281936892,76308.4723228565,19135862.603625994,VWAP
2025-10-17 15:01:00-04:00,122.03125418588408,253.63215270029895,30951.049695883146,76430.50357704239,19166813.653321877,VWAP
2025-10-17 15:02:00-04:00,275.4799242662593,253.62204281638304,69867.78114731117,76705.98350130864,19236681.43446919,VWAP
2025-10-17 15:03:00-04:00,176.76190286319147,253.57329101513383,44822.09743511687,76882.74540417183,19281503.531904306,VWAP
2025-10-17 15:04:00-04:00,111.81380315332967,253.72968910268224,28370.48151148285,76994.55920732516,19309874.013415787,VWAP
2025-10-17 15:05:00-04:00,292.97419408297446,253.75520793070223,74343.7275378551,77287.53340140813,19384217.740953643,VWAP
2025-10-17 15:06:00-04:00,153.4536542028301,253.59045151770673,38914.381456337724,77440.98705561097,19423132.12240998,VWAP
2025-10-17 15:07:00-04:00,170.5790989578823,253.4151337974076,43227.32518545298,77611.56615456885,19466359.447595432,VWAP
2025-10-17 15:08:00-04:00,131.86741985063833,253.39062612573824,33413.96808153885,77743.43357441948,19499773.41567697,VWAP
2025-10-17 15:09:00-04:00,133.0436727499958,253.5870526609769,33738.15284786296,77876.47724716947,19533511.568524834,VWAP
2025-10-17 15:10:00-04:00,191.75663526877193,253.5774837302419,48625.165060032945,78068.23388243825,19582136.733584866,VWAP
2025-10-17 15:11:00-04:00,236.49162636276813,253.78919778277523,60019.02013695074,78304.72550880101,19642155.75372182,VWAP
2025-10-17 15:12:00-04:00,152.76335324282581,253.7480400300129,38763.401473779566,78457.48886204384,19680919.155195598,VWAP
2025-10-17 15:13:00-04:00,228.65907792488554,253.760437223512,58024.62758934406,78686.14793996872,19738943.782784943,VWAP
2025-10-17 15:14:00-04:00,223.81201883749083,253.87722422445984,56820.77409053469,78909.95995880621,19795764.55687548,VWAP
2025-10-17 15:15:00-04:00,180.1710426223462,253.78214816994432,45724.194234717615,79090.13100142856,19841488.751110196,VWAP
2025-10-17 15:16:00-04:00,189.1499392248568,253.73756562452084,47994.445116941235,79279.2809406534,19889483.196227137,VWAP
2025-10-17 15:17:00-04:00,149.35172142244363,253.7432651425297,37896.99344838835,79428.63266207585,19927380.189675525,VWAP
2025-10-17 15:18:00-04:00,162.62443951985455,253.70519636705473,41258.66536246691,79591.25710159571,19968638.85503799,VWAP
2025-10-17 15:19:00-04:00,138.04025551103766,253.81069027026953,35036.092536340846,79729.29735710674,20003674.947574332,VWAP
2025-10-17 15:20:00-04:00,176.75691874073652,253.71470763825027,44845.82996134393,79906.05427584748,20048520.777535677,VWAP
2025-10-17 15:21:00-04:00,199.53186629842307,253.7655673489248,50634.317255409136,80105.5861421459,20099155.094791085,VWAP
2025-10-17 15:22:00-04:00,172.02947859225952,253.89189223359827,43676.88983974806,80277.61562073816,20142831.984630834,VWAP
2025-10-17 15:23:00-04:00,280.55625298657964,254.05832780820944,71277.65248990738,80558.17187372474,20214109.637120742,VWAP
2025-10-17 15:24:00-04:00,289.8466572425218,253.94283171956738,73604.48090461684,80848.01853096727,20287714.11802536,VWAP
2025-10-17 15:25:00-04:00,321.4883586474836,253.92967977530668,81635.43596284447,81169.50688961476,20369349.553988203,VWAP
2025-10-17 15:26:00-04:00,210.7212212096839,253.9358359799561,53509.66946659834,81380.22811082444,20422859.223454803,VWAP
2025-10-17 15:27:00-04:00,175.98188769899886,253.94158759178163,44689.1199496824,81556.20999852344,20467548.343404487,VWAP
2025-10-17 15:28:00-04:00,155.5918427359842,253.97236640155404,39516.02849243635,81711.80184125942,20507064.371896923,VWAP
2025-10-17 15:29:00-04:00,226.26669914653135,254.0231471221169,57476.9790061351,81938.06854040596,20564541.350903057,VWAP
2025-10-17 15:30:00-04:00,331.75814296581456,253.9133854990214,84237.83324731833,82269.82668337178,20648779.184150375,VWAP
2025-10-17 15:31:00-04:00,375.4190556707788,253.8391676401308,95296.06060771442,82645.24573904256,20744075.24475809,VWAP
2025-10-17 15:32:00-04:00,410.5346904268091,253.85053075777626,104214.44905932486,83055.78042946936,20848289.693817414,VWAP
2025-10-17 15:33:00-04:00,319.7090269310827,253.90419998371624,81175.46471050894,83375.48945640045,20929465.158527922,VWAP
2025-10-17 15:34:00-04:00,188.24033687683672,254.01887891860522,47816.599340714645,83563.72979327729,20977281.757868636,VWAP
2025-10-17 15:35:00-04:00,272.59910148732445,254.18033617611914,69289.33125735614,83836.32889476462,21046571.08912599,VWAP
2025-10-17 15:36:00-04:00,236.419356587172,254.15062100908705,60086.126295198555,84072.74825135179,21106657.21542119,VWAP
2025-10-17 15:37:00-04:00,276.9651927578209,254.2122407343127,70407.94225637648,84349.71344410961,21177065.157677565,VWAP
2025-10-17 15:38:00-04:00,782.5670348894802,254.4946016530523,199159.08581100855,85132.28047899909,21376224.243488573,VWAP
2025-10-17 15:39:00-04:00,456.30139486897053,254.58773848844663,116168.74018881489,85588.58187386807,21492392.983677387,VWAP
2025-10-17 15:40:00-04:00,447.40972040942074,254.528999254768,113878.74839266541,86035.99159427748,21606271.73207005,VWAP
2025-10-17 15:41:00-04:00,329.36078006500543,254.57072127250052,83845.61134002185,86365.35237434249,21690117.343410075,VWAP
2025-10-17 15:42:00-04:00,255.8051008755234,254.44621005628136,65088.638430841675,86621.15747521802,21755205.981840916,VWAP
2025-10-17 15:43:00-04:00,358.3060712218639,254.42195862784772,91160.9324285157,86979.46354643987,21846366.914269432,VWAP
2025-10-17 15:44:00-04:00,321.66280293340526,254.49855073120204,81862.71717068789,87301.12634937328,21928229.63144012,VWAP
2025-10-17 15:45:00-04:00,291.07025930520086,254.39411125649718,74046.55992914476,87592.19660867848,22002276.191369265,VWAP
2025-10-17 15:46:00-04:00,250.53189931823437,254.39760963313904,63734.71632340908,87842.72850799671,22066010.907692675,VWAP
2025-10-17 15:47:00-04:00,291.0951799174754,254.47634775549636,74076.83823462825,88133.82368791419,22140087.745927304,VWAP
2025-10-17 15:48:00-04:00,908.5706346719232,254.54336676284402,231270.62829124532,89042.39432258611,22371358.37421855,VWAP
2025-10-17 15:49:00-04:00,334.0134583766589,254.59093984408614,85036.80028868713,89376.40778096278,22456395.174507238,VWAP
2025-10-17 15:50:00-04:00,624.5529086404124,254.33857407557085,158847.89621835275,90000.96068960319,22615243.07072559,VWAP
2025-10-17 15:51:00-04:00,490.4351575013847,253.89056921396264,124516.86130056599,90491.39584710458,22739759.932026155,VWAP
2025-10-17 15:52:00-04:00,506.7930473983815,253.48009565073403,128461.95012966872,90998.18889450296,22868221.882155824,VWAP
2025-10-17 15:53:00-04:00,2722.556954501815,253.66771523555792,690624.8022471543,93720.74584900477,23558846.68440298,VWAP
2025-10-17 15:54:00-04:00,1584.6743218634138,253.4203182094369,401588.67090494995,95305.42017086818,23960435.35530793,VWAP
2025-10-17 15:55:00-04:00,639.4031014948006,253.58627925788036,162143.85345401533,95944.82327236298,24122579.208761945,VWAP
2025-10-17 15:56:00-04:00,524.895380154595,253.51798290212653,133070.41801143784,96469.71865251758,24255649.626773383,VWAP
2025-10-17 15:57:00-04:00,546.4267891597829,253.6402855444929,138595.84683164774,97016.14544167736,24394245.473605033,VWAP
2025-10-17 15:58:00-04:00,1246.6237242982822,253.8129171364455,316409.204035647,98262.76916597564,24710654.67764068,VWAP
2025-10-17 15:59:00-04:00,1737.230834024361,253.6158527480668,440589.2793913236,100000.0,25151243.957032003,VWAP
