Date,AdjClose,simple_return,log_return
2015-09-30,24.787229537963867,,
2015-10-05,24.895099639892578,0.0043518418128778436,0.004342399932431243
2015-10-15,25.137802124023438,0.009749006336248867,0.009701791391823374
2015-10-20,25.567028045654297,0.01707491846396003,0.01693078049279314
2015-10-30,26.854707717895508,0.050364855467042835,0.04913758520893667
2015-11-04,27.41651725769043,0.020920337160122537,0.020704511809503095
2015-11-09,27.211143493652344,-0.007490877200329926,-0.007519074725332491
2015-11-19,26.807165145874023,-0.014846062895980783,-0.014957368696824708
2015-11-24,26.829729080200195,0.0008417128108617611,0.0008413587692874003
2015-12-04,26.863584518432617,0.001261862843684236,0.001261067363886712
2015-12-09,26.0939884185791,-0.02864830266137608,-0.029066675097191953
2015-12-14,25.385330200195312,-0.027157911125583967,-0.027533503004671212
2015-12-24,24.381023406982422,-0.03956248688879227,-0.04036635551529926
2015-12-29,24.541259765625,0.006572175251539525,0.006550672668847271
2016-01-08,21.882658004760742,-0.1083319188279066,-0.11466132196017186
2016-01-13,21.97970962524414,0.004435092869535584,0.004425286828266779
2016-01-28,21.234935760498047,-0.033884608916339154,-0.03447199943593915
2016-02-02,21.322954177856445,0.0041449815695762116,0.004136414798051308
2016-02-12,21.327470779418945,0.00021181875291897967,0.00021179632249433608
2016-02-17,22.264617919921875,0.0439408474729821,0.04300282834659855
2016-02-22,21.98324966430664,-0.012637461672471484,-0.012717993589957087
2016-03-03,23.03158187866211,0.04768777275261571,0.046585614747084496
2016-03-08,22.9249324798584,-0.004630572027817026,-0.004641326338385181
2016-03-18,24.034530639648438,0.0484013708989075,0.04726650007681587
2016-03-23,24.082185745239258,0.0019827766269004954,0.0019808135198313005
2016-03-28,23.86888885498047,-0.008857040324961152,-0.008896497059321377
2016-04-07,24.629043579101562,0.03184709303979516,0.03135049042264215
2016-04-12,25.0601749420166,0.017504998175441377,0.017353550534284126
2016-04-22,23.980070114135742,-0.043100450431011406,-0.04405685691603098
2016-04-27,22.196542739868164,-0.0743754028148661,-0.07728652914165789
2016-05-02,21.24806022644043,-0.04273109215896598,-0.04367093657009719
2016-05-12,20.624052047729492,-0.029367771554715483,-0.029807637899926
2016-05-17,21.343172073364258,0.03486802806599454,0.034273909472372965
2016-05-27,22.909273147583008,0.07337714697869147,0.07080989022156965
2016-06-01,22.477794647216797,-0.018834229160680893,-0.019013852204954152
2016-06-06,22.5166072845459,0.0017267102017015645,0.0017252211515002634
2016-06-16,22.270048141479492,-0.010950101849297234,-0.0110104954969517
2016-06-21,21.895647048950195,-0.01681186722860961,-0.016954790807843456
2016-07-01,21.89107894897461,-0.00020863050840080888,-0.00020865227477279881
2016-07-06,21.808897018432617,-0.0037541288272519013,-0.0037611932549344563
2016-07-11,22.139928817749023,0.015178750169557942,0.01506470552989825
2016-07-21,22.699241638183594,0.02526262957025338,0.024948803741594777
2016-07-26,22.069149017333984,-0.02775831152833308,-0.0281508547391422
2016-08-05,24.669931411743164,0.11784697236700992,0.11140448912747886
2016-08-10,24.789278030395508,0.004837736135558712,0.004826071893988462
2016-08-15,25.128995895385742,0.013704225858199193,0.013611172143901572
2016-08-25,24.690582275390625,-0.017446523602465902,-0.017600507816577172
2016-08-30,24.330224990844727,-0.01459492856533684,-0.014702482310864818
2016-09-09,23.671464920043945,-0.02707579034097163,-0.027449093294498936
2016-09-14,25.654611587524414,0.08377794421169216,0.08045303351993288
2016-09-19,26.070056915283203,0.016193787473314014,0.016064066670629512
2016-09-29,25.748722076416016,-0.01232582038126695,-0.01240241333673022
2016-10-04,25.93692970275879,0.007309396784206168,0.007282812607793553
2016-10-14,26.99966049194336,0.040973654220589184,0.04015648116712785
2016-10-19,26.882593154907227,-0.0043358818186275405,-0.004345309014206314
2016-10-24,27.004247665405273,0.004525400871747465,0.004515192033027206
2016-11-03,25.33875274658203,-0.06167529417814077,-0.0636592216247372
2016-11-08,25.622529983520508,0.011199337227707717,0.011137088978781197
2016-11-18,25.391817092895508,-0.009004297810301543,-0.009045081503431637
2016-11-23,25.661746978759766,0.01063058562830399,0.010574478238899971
2016-11-28,25.74018669128418,0.003056678588146733,0.0030520164441854816
2016-12-08,25.867076873779297,0.004929652765031545,0.004917541812392502
2016-12-13,26.57535743713379,0.02738154631118972,0.027013377347175432
2016-12-23,26.88219451904297,0.01154592492819817,0.011479779391031024
2016-12-28,26.93756103515625,0.002059598076119107,0.002057480011743802
2017-01-12,27.512027740478516,0.02132586185410501,0.02110164776647837
2017-01-17,27.68506622314453,0.006289557581807159,0.006269860860485547
2017-01-27,28.13494300842285,0.01624979986149455,0.01611918494160516
2017-02-01,29.70376205444336,0.05576051977609642,0.054261379050420125
2017-02-06,30.059053421020508,0.011961157173490111,0.011890187889022515
2017-02-16,31.36184310913086,0.04334100844304367,0.042428072192080085
2017-02-21,31.674633026123047,0.009973582097957845,0.009924174172429493
2017-03-03,32.38829803466797,0.022531121606250037,0.022281045250359052
2017-03-08,32.20756149291992,-0.005580303773745299,-0.005595931835520792
2017-03-13,32.25390625,0.0014389402653245398,0.0014379059828425436
2017-03-23,32.65244674682617,0.012356348212122947,0.012280631623863418
2017-03-28,33.31976318359375,0.02043695046627536,0.020230918376533635
2017-04-07,33.21318435668945,-0.0031986669988330885,-0.0032037936693781162
2017-04-12,32.856346130371094,-0.010743872749030436,-0.010802004901092588
2017-04-17,32.863311767578125,0.00021200279481448092,0.0002119803253976397
2017-04-27,33.31745529174805,0.013819164890678026,0.013724550892700626
2017-05-02,34.179412841796875,0.025871049949673486,0.02554205653963465
2017-05-12,36.319087982177734,0.06260128429603462,0.06071994366943054
2017-05-17,34.958003997802734,-0.037475720344159025,-0.03819598752190012
2017-05-22,35.82816696166992,0.02489166612378324,0.02458691541806925
2017-06-01,35.639713287353516,-0.005259930671809743,-0.005273812807925807
2017-06-06,35.93518829345703,0.008290611198838116,0.008256432858097639
2017-06-16,33.101322174072266,-0.07886047782030814,-0.08214376432003336
2017-06-21,33.938926696777344,0.02530426181468859,0.024989409336677617
2017-06-26,33.92729568481445,-0.00034270417761894656,-0.00034276291411550376
2017-07-06,33.20835494995117,-0.021190628971500147,-0.021418373462209504
2017-07-11,33.859806060791016,0.019617084671061047,0.01942714962802767
2017-07-21,34.9626579284668,0.032571121810200276,0.03205192658987116
2017-07-26,35.704864501953125,0.021228551187523426,0.021006364462362814
2017-07-31,34.60434341430664,-0.03082272130135888,-0.03130773367131284
2017-08-10,36.279510498046875,0.04840915672590573,0.04727392642926469
2017-08-15,37.746402740478516,0.04043307702595955,0.0396370466917138
2017-08-25,37.33997344970703,-0.010767364868272233,-0.010825752439809572
2017-08-30,38.15515899658203,0.021831444202095263,0.021596550784284147
2017-09-14,36.97091293334961,-0.031037639322601396,-0.031529511315974826
2017-09-19,37.07601547241211,0.0028428440285468426,0.002838810789566291
2017-09-29,35.99923324584961,-0.029042555216423516,-0.029472637826720435
2017-10-04,35.849735260009766,-0.0041528102784544885,-0.004161457142552618
2017-10-09,36.4009895324707,0.015376801766116888,0.015259776870840569
2017-10-19,36.43367385864258,0.0008978966393955456,0.0008974937713459029
2017-10-24,36.695289611816406,0.007180603147211029,0.007154945368765307
2017-11-03,40.29240798950195,0.09802670630857269,0.09351466547695035
2017-11-08,41.16599655151367,0.021681220001528168,0.021449525318311565
2017-11-13,40.78184509277344,-0.009331766285786913,-0.009375580002731178
2017-11-28,40.57087326049805,-0.005173180168662195,-0.0051866073928425556
2017-12-08,39.703529357910156,-0.021378487394610346,-0.021610317326238266
2017-12-13,40.38333511352539,0.01712204850825927,0.016977118232031654
2017-12-18,41.356178283691406,0.024090213634687885,0.023804621989429686
2017-12-28,40.1043815612793,-0.030268675065310613,-0.030736230455441747
2018-01-02,40.38099670410156,0.0068973795892999235,0.006873701482276698
2018-01-12,41.513240814208984,0.028039033271123337,0.027653136420223687
2018-01-17,41.98441696166992,0.011350020817928241,0.011286092601263785
2018-01-22,41.49214172363281,-0.011725189335999087,-0.011794471465031374
2018-02-01,39.33080291748047,-0.05209031677729237,-0.053496052127794846
2018-02-06,38.217315673828125,-0.028310819028753098,-0.028719298323204332
2018-02-16,40.58564376831055,0.06197002726971457,0.06012569951159999
2018-02-21,40.265541076660156,-0.007887091639540045,-0.007918359262391152
2018-02-26,42.124996185302734,0.046179811792480985,0.04514525506820999
2018-03-08,41.64720153808594,-0.011342307192504841,-0.01140712172232726
2018-03-13,42.36037826538086,0.01712424126847334,0.016979274077393244
2018-03-23,38.82269287109375,-0.08351401803175806,-0.087208506998573
2018-03-28,39.185184478759766,0.00933710623499584,0.009293784913642465
2018-04-02,39.23225021362305,0.0012011104576730158,0.0012003897015879672
2018-04-12,40.98813247680664,0.044756093612338343,0.04378345493221708
2018-04-17,41.95317077636719,0.023544334451115034,0.023271441694132273
2018-04-27,38.20602035522461,-0.08931745448078032,-0.09356091059706383
2018-05-02,41.56011199951172,0.08778961046196598,0.08414775699766891
2018-05-07,43.58197021484375,0.0486490078601276,0.04750267653197354
2018-05-17,44.18242263793945,0.013777541954521189,0.013683494467601724
2018-05-22,44.222591400146484,0.000909157076699918,0.0009087440437271372
2018-06-01,44.95035171508789,0.01645675415889336,0.016322809313952028
2018-06-06,45.83403015136719,0.019658988251757936,0.01946824615366162
2018-06-11,45.18425369262695,-0.014176725384923428,-0.014278175114262458
2018-06-21,43.82091522216797,-0.03017286685165388,-0.030637436615704273
2018-06-26,43.5775260925293,-0.005554177232600321,-0.005569659027332433
2018-07-06,44.413978576660156,0.01919458397786955,0.01901269182818644
2018-07-11,44.39271926879883,-0.00047866254144812714,-0.00047877713693225606
2018-07-16,45.108646392822266,0.016127129308941113,0.015998468601105785
2018-07-26,45.888370513916016,0.017285469271315135,0.017137775093529817
2018-07-31,44.96215057373047,-0.02018419764773871,-0.020390681767016187
2018-08-10,49.207611083984375,0.09442298591327503,0.090227270875814
2018-08-15,49.85020065307617,0.013058743453224553,0.012974213173788239
2018-08-20,51.087913513183594,0.02482864349375591,0.02452542153546343
2018-08-30,53.3570671081543,0.04441664258582678,0.04345849278464812
2018-09-04,54.14664077758789,0.01479792110449285,0.014689500164317564
2018-09-14,53.07491683959961,-0.01979299034247539,-0.019991495279939455
2018-09-19,51.77790832519531,-0.02443731599851684,-0.024740862652866805
2018-09-24,52.351722717285156,0.011082224266109053,0.011021266371326796
2018-10-04,54.058921813964844,0.03261017991516857,0.032089751941999145
2018-10-09,53.79335021972656,-0.00491263209340731,-0.0049247387370489155
2018-10-19,52.00080108642578,-0.0333228758941182,-0.03389073369362854
2018-10-24,51.00019073486328,-0.019242210324788567,-0.019429751354339417
2018-10-29,50.324424743652344,-0.01325026399850282,-0.013338831982669929
2018-11-08,49.60774612426758,-0.0142411686380014,-0.014343547236382613
2018-11-13,45.738868713378906,-0.07798938095669816,-0.08119853809132369
2018-11-23,40.994380950927734,-0.10372988873385447,-0.10951344797150687
2018-11-28,43.052547454833984,0.05020606376200609,0.048986396116594576
2018-12-03,43.97574996948242,0.021443621091573384,0.021216941477865726
2018-12-13,40.67554473876953,-0.0750460249797471,-0.07801129944248099
2018-12-18,39.514404296875,-0.028546401759379503,-0.02896177431035357
2018-12-28,37.173091888427734,-0.05925212463932872,-0.06108010796378884
2019-01-02,37.57521438598633,0.010817569298930962,0.010759477958733986
2019-01-07,35.198204040527344,-0.06326006076882129,-0.06534958144482111
2019-01-17,37.08505630493164,0.053606492599218125,0.052219033727888615
2019-01-22,36.47593307495117,-0.016425031823383396,-0.016561418154036736
2019-02-01,39.6214714050293,0.08623599356909217,0.08271850321660384
2019-02-06,41.45836639404297,0.046361099774313574,0.04531852573764738
2019-02-11,40.486778259277344,-0.023435273004515422,-0.02371424617654004
2019-02-21,40.87628173828125,0.009620510590137021,0.009574528159207235
2019-02-26,41.65768051147461,0.01911619012209642,0.01893577141270525
2019-03-08,41.31834411621094,-0.008145830279009503,-0.008179188833400507
2019-03-13,43.42118835449219,0.050893720047609836,0.04964096408662182
2019-03-18,44.92901611328125,0.03472562165915627,0.03413629172593088
2019-03-28,45.09629440307617,0.003723168327860904,0.0037162544922640555
2019-04-02,46.3627815246582,0.028084061857988063,0.027696935925203323
2019-04-12,47.5217170715332,0.02499710993954518,0.02468979301522107
2019-04-17,48.53968048095703,0.021421014899177804,0.02119480962243269
2019-04-22,48.87422561645508,0.006892198963470708,0.006868556331180078
2019-05-02,49.978214263916016,0.022588360910811955,0.02233702173981718
2019-05-07,48.47515869140625,-0.03007421522851339,-0.030535720956648752
2019-05-17,45.337127685546875,-0.06473482687980736,-0.06692518228730825
2019-05-22,43.845062255859375,-0.03291045343755117,-0.03346418537311414
2019-06-06,44.430381774902344,0.013349724893246151,0.013261402500685391
2019-06-11,46.7308235168457,0.051776321743038034,0.05048046979100945
2019-06-21,47.683135986328125,0.02037867937720228,0.020173812689731944
2019-06-26,47.92781066894531,0.005131262396150804,0.00511814233178439
2019-07-01,48.34760284423828,0.008758843131655425,0.008720706989029506
2019-07-11,48.395572662353516,0.000992186071143486,0.0009916941798818184
2019-07-16,49.055240631103516,0.013630750344713949,0.013538687315908293
2019-07-26,49.83245849609375,0.015843727499675886,0.015719525810018772
2019-07-31,51.10381317138672,0.02551258183243421,0.025192567428642235
2019-08-05,46.37819290161133,-0.09247099142929105,-0.09702974798684028
2019-08-15,48.577049255371094,0.04741142800506504,0.046321813635372626
2019-08-20,50.65265655517578,0.0427281469669587,0.04184049675899547
2019-08-30,50.262569427490234,-0.007701217551356332,-0.0077310250619445535
2019-09-04,50.37093734741211,0.0021560362145474077,0.002153715303847848
2019-09-09,51.570068359375,0.023806009479085066,0.023527064802478837
2019-09-19,53.20503234863281,0.03170373903451673,0.031211551266619585
2019-09-24,52.41523361206055,-0.014844436732920463,-0.014955718029191005
2019-10-04,54.66181564331055,0.04286124236090538,0.04196813012231082
2019-10-09,54.666629791259766,8.807149730682973e-05,8.806761924020722e-05
2019-10-14,56.79522705078125,0.0389377810128293,0.03819882679448076
2019-10-24,58.65170669555664,0.03268724752373098,0.03216438294436644
2019-10-29,58.58189392089844,-0.001190294001512715,-0.0011910029640561474
2019-11-08,62.8272705078125,0.0724690907509149,0.06996355159206945
2019-11-13,63.87302017211914,0.016644836801824825,0.01650782972247882
2019-11-18,64.50818634033203,0.00994420126841189,0.009895083058137641
2019-12-03,62.66062545776367,-0.02864071968821147,-0.029058868508098787
2019-12-13,66.45237731933594,0.06051251218563225,0.05875229333643417
2019-12-18,67.56092834472656,0.01668188663986392,0.016544272304594185
2019-12-23,68.58978271484375,0.015228541041761634,0.015113750736177003
2020-01-02,72.53850555419922,0.05757013192142546,0.0559739483411355
2020-01-07,72.06514739990234,-0.006525612165296013,-0.006546997056132736
2020-01-17,76.97752380371094,0.06816577195837725,0.06594294568255332
2020-01-22,76.7287826538086,-0.0032313477702481386,-0.003236579848604417
2020-01-27,74.61553192138672,-0.027541825366324657,-0.027928212503175776
2020-02-06,78.54254150390625,0.05262992143052658,0.05129171974531104
2020-02-11,77.37324523925781,-0.014887425874680726,-0.014999355888374963
2020-02-21,75.78516387939453,-0.02052494185751841,-0.020738505788538922
2020-02-26,70.84659576416016,-0.06516536829152575,-0.06738562981873236
2020-03-02,72.33785247802734,0.021049094847569005,0.020830623087761086
2020-03-12,60.09312057495117,-0.16927143236378928,-0.1854521708930955
2020-03-17,61.21398162841797,0.018652069367387947,0.018480252723990304
2020-03-27,59.97449493408203,-0.020248424646837848,-0.020456233990280227
2020-04-01,58.321048736572266,-0.027569155844114568,-0.027956317425901617
2020-04-06,63.54043960571289,0.08949411888520475,0.08571347739366333
2020-04-16,69.40377044677734,0.0922771525889361,0.08826464785736818
2020-04-21,64.96874237060547,-0.06390183195555488,-0.06603492761474407
2020-05-01,69.97992706298828,0.07713224097516291,0.07430217705738004
2020-05-06,72.7784423828125,0.03999025773927012,0.03921134555101133
2020-05-11,76.46607971191406,0.05066936318456361,0.04942744980699952
2020-05-21,76.91272735595703,0.00584112126220826,0.0058241280542236235
2020-05-26,76.88360595703125,-0.0003786291284536558,-0.0003787008265606783
2020-06-05,80.46890258789062,0.04663278453488684,0.04557813926460126
2020-06-10,85.64901733398438,0.06437411943621152,0.06238694512850659
2020-06-15,83.25800323486328,-0.027916421852190565,-0.028313492469485432
2020-06-25,88.56190490722656,0.06370440637882524,0.06175753876838291
2020-06-30,88.55221557617188,-0.00010940743725917912,-0.00010941342268941397
2020-07-10,93.13516998291016,0.05175426020590157,0.05045949406826353
2020-07-15,94.88775634765625,0.018817664315936566,0.018642802327722457
2020-07-20,95.50189208984375,0.006472233782590431,0.0064513788146404885
2020-07-30,93.3973159790039,-0.02203700957945376,-0.022283451769131206
2020-08-04,106.48110961914062,0.1400874693559504,0.13110498696821926
2020-08-14,111.77257537841797,0.04969393893624652,0.04849863495153447
2020-08-19,112.55074310302734,0.006962063117672779,0.006937939856637277
2020-08-24,122.42382049560547,0.0877211213393807,0.0840847932792126
2020-09-03,117.58211517333984,-0.03954871938046911,-0.04035202099643661
2020-09-08,109.74203491210938,-0.06667748959671804,-0.06900446755066915
2020-09-18,103.92515563964844,-0.05300502471199464,-0.05446149173621199
2020-09-23,104.1975326538086,0.0026208958984348385,0.0026174673400694254
2020-09-28,111.8236312866211,0.07318886002943903,0.07063445937143915
2020-10-08,111.83336639404297,8.705769352923554e-05,8.705390422815784e-05
2020-10-13,117.7961196899414,0.053318195527520595,0.05194536749281009
2020-10-23,111.90145111083984,-0.05004127975197559,-0.05133674770213275
2020-10-28,108.16621398925781,-0.033379702269296097,-0.03394952069096523
2020-11-02,105.80252075195312,-0.021852417220957987,-0.022094717694920076
2020-11-12,116.15773010253906,0.0978729927887354,0.0933746649840758
2020-11-17,116.33313751220703,0.0015100795230169606,0.001508940499467287
2020-11-27,113.6048355102539,-0.02345249221587309,-0.02373187876421369
2020-12-02,119.92864990234375,0.05566501076900954,0.05417091030712766
2020-12-07,120.58151245117188,0.00544375801244934,0.005428994317552494
2020-12-17,125.40475463867188,0.03999984814797464,0.03922056714170779
2020-12-22,128.5033416748047,0.024708688638327647,0.02440836598962427
2021-01-06,123.35853576660156,-0.04003635890825907,-0.04085986910025785
2021-01-11,125.67757415771484,0.018799172482891535,0.01862465187596766
2021-01-21,133.36558532714844,0.06117249812433356,0.05937442711857577
2021-01-26,139.49453735351562,0.045956023897265164,0.04493132259570822
2021-02-05,133.45753479003906,-0.04327769874011067,-0.0442421059604327
2021-02-10,132.12060546875,-0.010017638370080628,-0.010068152547652772
2021-02-25,118.06834411621094,-0.10635934722432672,-0.11245153900356987
2021-03-02,122.0986099243164,0.03413502440703842,0.03356535209373862
2021-03-12,118.10735321044922,-0.03268879732816932,-0.0332350124776428
2021-03-17,121.74729919433594,0.030818961605217687,0.030353594664932183
2021-03-22,120.4103775024414,-0.010981119915937532,-0.011041857466751882
2021-04-01,120.02981567382812,-0.0031605401171137526,-0.003165545172597682
2021-04-06,123.16229248046875,0.02609748910348153,0.025762760853972427
2021-04-16,130.92034912109375,0.06299051831838298,0.06108617958191405
2021-04-21,130.27621459960938,-0.004920048913775732,-0.004932192201184996
2021-04-26,131.46681213378906,0.009139024631924286,0.00909751645083697
2021-05-06,126.60706329345703,-0.0369655942930025,-0.03766614019294715
2021-05-11,123.07823944091797,-0.027872251047793117,-0.028268054194551678
2021-05-21,122.60901641845703,-0.003812396282172892,-0.0038196819881061387
2021-05-26,123.99710083007812,0.011321226221109537,0.011257620750622904
2021-06-10,123.27371978759766,-0.00583385448238638,-0.005850937885239748
2021-06-15,126.7243423461914,0.0279915505473447,0.027606947687273137
2021-06-25,130.11630249023438,0.026766445035292907,0.026414490317737734
2021-06-30,133.87973022460938,0.028923568087538154,0.028513176238499863
2021-07-15,145.14065551757812,0.08411224965927522,0.08076144900257876
2021-07-20,142.86300659179688,-0.01569270110885923,-0.01581713506293288
2021-07-30,142.57958984375,-0.0019838358075207063,-0.0019858062161857595
2021-08-04,143.64505004882812,0.007472740006095879,0.007444957406742187
2021-08-09,143.01834106445312,-0.004362899968790912,-0.004372445190208136
2021-08-19,143.615478515625,0.0041752508575299,0.004166558683938868
2021-08-24,146.47412109375,0.019904836217316202,0.01970932511750622
2021-09-03,151.05572509765625,0.03127927288243515,0.03080004408927543
2021-09-08,151.84869384765625,0.005249511393807582,0.005235780740721443
2021-09-13,146.40557861328125,-0.035845650670106255,-0.03650388377562299
2021-09-23,143.7427978515625,-0.01818770013369697,-0.018355129563055492
2021-09-28,138.9262237548828,-0.033508281240313464,-0.034082548648072884
2021-10-08,139.89541625976562,0.006976310725848478,0.006952088857779498
2021-10-13,137.94728088378906,-0.013925655522259217,-0.014023527143100093
2021-10-18,143.46865844726562,0.040025272902102005,0.03924501372542578
2021-10-28,149.36209106445312,0.04107818865089441,0.04025689598700946
2021-11-02,146.8656768798828,-0.01671384061898984,-0.016855092977984033
2021-11-12,147.05062866210938,0.001259326114554593,0.0012585338285177664
2021-11-17,150.48207092285156,0.023335107724203663,0.02306700686193941
2021-11-22,157.86448669433594,0.04905844082428379,0.04789303884833198
2021-12-02,160.55076599121094,0.017016362280873887,0.016873205708754068
2021-12-07,167.82537841796875,0.04531035639628178,0.04431383309022641
2021-12-17,167.78616333007812,-0.00023366601797825126,-0.00023369332213568216
2021-12-22,172.19796752929688,0.026294207529732994,0.025954457621384392
2021-12-27,176.79605102539062,0.026702309917284284,0.0263520251666369
2022-01-06,168.62928771972656,-0.04619313190706498,-0.047294072375501685
2022-01-11,171.6489715576172,0.017907232359953618,0.017748786628195748
2022-01-21,159.22720336914062,-0.07236727418612565,-0.07511939413051137
2022-01-26,156.56056213378906,-0.01674739729724084,-0.016889220633030815
2022-01-31,171.35482788085938,0.09449548178313161,0.09029350986182738
2022-02-10,168.9619140625,-0.013964671132716155,-0.014063094527195778
2022-02-15,169.61965942382812,0.00389286168411207,0.003885304105455553
2022-02-25,161.82534790039062,-0.04595169893580486,-0.047040978769181924
2022-03-02,163.50393676757812,0.010372842629207568,0.010319413851685154
2022-03-07,156.37716674804688,-0.043587757948984396,-0.044566243342900144
2022-03-17,157.67294311523438,0.008286224863475411,0.00825208257966116
2022-03-22,165.7224884033203,0.051052166142436795,0.0497917254322569
2022-04-01,171.11178588867188,0.03252001304877572,0.032002428763288814
2022-04-06,168.67726135253906,-0.014227684688632447,-0.014329868579170511
2022-04-11,162.7087860107422,-0.035383994819092046,-0.03602517892747913
2022-04-21,163.36654663085938,0.004042563626980522,0.004034414421712491
2022-04-26,153.92303466796875,-0.057805665588494315,-0.05954372588275161
2022-05-06,154.62107849121094,0.004535018587360495,0.004524766374863769
2022-05-11,144.02333068847656,-0.06854012341749882,-0.07100216385371064
2022-05-16,143.07952880859375,-0.0065531179939468664,-0.006574683939423099
2022-05-26,141.3492889404297,-0.012092854111077744,-0.012166567544647525
2022-05-31,146.32374572753906,0.03519265519054593,0.03458754967610056
2022-06-10,134.81170654296875,-0.07867512635991569,-0.08194256481632707
2022-06-15,133.1404571533203,-0.012396915909641426,-0.0124743987027458
2022-06-30,134.40866088867188,0.009525307051418075,0.009480227353433138
2022-07-05,139.1668243408203,0.03540072061345456,0.03478852146132917
2022-07-15,147.63125610351562,0.06082219525226695,0.059044263356769794
2022-07-20,150.4527587890625,0.01911182469089412,0.018931487857410566
2022-07-25,150.36427307128906,-0.0005881295795812091,-0.0005883025956229587
2022-08-04,163.0068817138672,0.08407987073221945,0.08073158179039433
2022-08-09,162.3571319580078,-0.003986026534756437,-0.003993991912374631
2022-08-19,168.8545684814453,0.04001940934210402,0.03923937580807904
2022-08-24,164.9265594482422,-0.023262675499566066,-0.02353752235109136
2022-08-29,158.8721466064453,-0.036709750461367596,-0.03740051120622101
2022-09-08,152.05966186523438,-0.042880296431612286,-0.043826813252667476
2022-09-13,151.4492950439453,-0.004013995650141711,-0.004022073353839093
2022-09-23,148.09226989746094,-0.0221660004789741,-0.02241535799495194
2022-09-28,147.5114288330078,-0.003922156536970478,-0.003929868364187651
2022-10-03,140.23631286621094,-0.049318998699638184,-0.05057670772304777
2022-10-13,140.7678985595703,0.0037906422558793285,0.0037834758759358444
2022-10-18,141.51611328125,0.005315236849707361,0.0053011608345290276
2022-10-28,153.31979370117188,0.08340873803157067,0.08011230958810144
2022-11-02,142.7761993408203,-0.06876864432065155,-0.07124753023579398
2022-11-07,136.98802185058594,-0.04054021270322128,-0.04138487447331235
2022-11-17,148.6239471435547,0.08494118781903537,0.08152578074820835
2022-11-22,148.0914306640625,-0.003582978986406804,-0.0035894132293846502
2022-12-02,145.75440979003906,-0.015780932519484203,-0.015906777154795416
2022-12-07,138.9799346923828,-0.046478697333514396,-0.047593512642741566
2022-12-12,142.48057556152344,0.025188102706257043,0.02487611058895666
2022-12-22,130.3910675048828,-0.08485021911930968,-0.08866753215159826
2022-12-27,128.22166442871094,-0.016637666350040714,-0.016777626903840992
2023-01-06,127.81737518310547,-0.0031530494273863674,-0.0031580307614163276
2023-01-11,131.63352966308594,0.029856304547903667,0.029419282361432215
2023-01-26,141.95794677734375,0.0784330340505417,0.07550909317200608
2023-01-31,142.2833709716797,0.002292398571010379,0.0022897750341026937
2023-02-10,149.13723754882812,0.04817053834430629,0.0470463000879519
2023-02-15,153.40367126464844,0.02860743423937606,0.02820588186452224
2023-03-02,144.1005096435547,-0.06064497377669764,-0.06256178153709396
2023-03-07,149.71995544433594,0.038996710106587784,0.038255545708408153
2023-03-17,153.07778930664062,0.022427430280348215,0.022179633585173927
2023-03-22,155.8726806640625,0.0182579809264376,0.018093305400704546
2023-03-27,156.31712341308594,0.0028513190838188596,0.002847261784167498
2023-04-06,162.61801147460938,0.04030836752844169,0.03951717644258355
2023-04-11,158.80584716796875,-0.023442448177001918,-0.023721593563402955
2023-04-21,162.97352600097656,0.026243862599087286,0.025905401351599695
2023-04-26,161.7291259765625,-0.0076355961299297,-0.007664896540084616
2023-05-01,167.48684692382812,0.03560101442766728,0.034981948450257525
2023-05-11,171.59524536132812,0.02452967807895079,0.024233656631513868
2023-05-16,170.17112731933594,-0.008299286142768203,-0.008333916958480696
2023-05-26,173.4940643310547,0.01952703178303028,0.019338825426356326
2023-05-31,175.29396057128906,0.010374396652555795,0.010320951919700805
2023-06-05,177.5982666015625,0.013145381750538476,0.013059731011096967
2023-06-15,183.9573211669922,0.03580583688745165,0.03517971014089003
2023-06-20,182.96835327148438,-0.005376072500045015,-0.005390575580904911
2023-06-30,191.82945251464844,0.04842968242719081,0.04729350418688961
2023-07-05,189.21859741210938,-0.013610293249102012,-0.013703762353827606
2023-07-10,186.52862548828125,-0.01421621320852251,-0.014318231598515656
2023-07-20,190.99871826171875,0.023964647580155596,0.02368200217385
2023-07-25,191.48330688476562,0.002537130235517493,0.0025339171541246515
2023-08-04,179.98167419433594,-0.060065981090202,-0.061945598830857825
2023-08-09,176.22360229492188,-0.020880303043276927,-0.021101379413859065
2023-08-14,177.71925354003906,0.008487235680349592,0.008451421594649578
2023-08-24,174.66915893554688,-0.017162432002928774,-0.017311413590442415
2023-08-29,182.33404541015625,0.04388231168753576,0.042946754837494244
2023-09-08,176.45164489746094,-0.03226166840900713,-0.03279354685256576
2023-09-13,172.52015686035156,-0.022280823958280682,-0.022532791241844336
2023-09-18,176.2436981201172,0.021583224404205126,0.02135360469710516
2023-09-28,169.0343475341797,-0.0409055793928248,-0.041765751586416794
2023-10-03,170.7277374267578,0.010018022474608035,0.009968174728230578
2023-10-13,177.1151580810547,0.03741290519378593,0.0367300227978162
2023-10-18,174.1343536376953,-0.01682975345337323,-0.01697298304070623
2023-10-23,171.32192993164062,-0.01615088377050644,-0.016282730852377466
2023-11-02,175.8475799560547,0.026416057922181047,0.02607317909381231
2023-11-07,180.05636596679688,0.023934284519548044,0.023652349284116185
2023-11-17,188.0974884033203,0.04465891774138253,0.04369043763264009
2023-11-22,189.7039031982422,0.008540330913283656,0.008504068602380857
2023-11-27,188.19664001464844,-0.007945346185200264,-0.007977078643543712
2023-12-07,192.63905334472656,0.023605168135479637,0.023330874270312614
2023-12-12,193.0753631591797,0.0022649084226569194,0.0022623473838586493
2023-12-22,191.9746856689453,-0.005700766126887635,-0.0057170775152510555
2023-12-27,191.52845764160156,-0.0023244107721226426,-0.002327116408327849
2024-01-11,184.0319061279297,-0.039140666645474886,-0.03992725600720308
2024-01-16,182.08836364746094,-0.010560899581824157,-0.010617061646397067
2024-01-26,190.80458068847656,0.047868061782855076,0.04675768272801153
2024-01-31,182.85191345214844,-0.041679645256066045,-0.042573157386396505
2024-02-05,186.10438537597656,0.01778746452483415,0.01763111885076239
2024-02-15,182.54908752441406,-0.019103783311607225,-0.01928861839922903
2024-02-20,180.26547241210938,-0.01250959477953717,-0.012588498486505714
2024-03-01,178.37905883789062,-0.010464641669737929,-0.010519781045592327
2024-03-06,167.91416931152344,-0.05866658112529677,-0.06045787816455809
2024-03-11,171.518310546875,0.021464187627102227,0.021237076048247965
2024-03-21,170.1481475830078,-0.00798843551745887,-0.008020514020718126
2024-03-26,168.49998474121094,-0.009686634061019106,-0.00973385468745338
2024-04-05,168.37091064453125,-0.0007660184472890741,-0.0007663119893351891
2024-04-10,166.58370971679688,-0.010614665685972025,-0.010671403106121738
2024-04-15,171.45872497558594,0.029264657793231397,0.028844622803519314
2024-04-25,168.67869567871094,-0.01621398559490539,-0.01634687061430602
2024-04-30,169.11557006835938,0.002589979652679819,0.002586631435342974
2024-05-10,181.9913787841797,0.07613615180799549,0.07337698887223969
2024-05-15,188.62281799316406,0.03643820522316332,0.035790032421944354
2024-05-20,189.93516540527344,0.006957522032975616,0.006933430158503694
2024-05-30,190.18373107910156,0.0013086869579823635,0.0013078313735854444
2024-06-04,193.2260284423828,0.015996622560821905,0.015870024899605272
2024-06-14,211.26112365722656,0.09333677952306285,0.0892342857257765
2024-06-24,206.936279296875,-0.02047155806748746,-0.020684004824102546
2024-07-09,227.35748291015625,0.09868353525378981,0.09411267695098476
2024-07-19,223.0127410888672,-0.01910973751854017,-0.019294688587800708
2024-07-24,217.27613830566406,-0.025723206464321136,-0.026059833436911803
2024-07-29,216.97787475585938,-0.0013727395568172707,-0.0013736826269212558
2024-08-08,212.0763702392578,-0.022589881673957146,-0.022848941911921255
2024-08-13,220.24497985839844,0.03851730209228421,0.037794024852232835
2024-08-23,225.78916931152344,0.025172830076261032,0.024861213085056635
2024-08-28,225.44078063964844,-0.001542982211845234,-0.001544173834824718
2024-09-12,221.73802185058594,-0.016424529663872645,-0.016560907608934625
2024-09-17,215.78570556640625,-0.026843913526885088,-0.02721079190925321
2024-09-27,226.73475646972656,0.05074039021528631,0.04949504921795194
2024-10-02,225.72946166992188,-0.004433792222494626,-0.004443650630110385
2024-10-07,220.6630401611328,-0.022444662169077256,-0.022700377133255078
2024-10-17,231.07456970214844,0.04718293346005242,0.04610363817369597
2024-10-22,234.76739501953125,0.01598109788603219,0.015854744540343656
2024-11-01,221.8773651123047,-0.05490553705787893,-0.05647039569882738
2024-11-06,221.68824768066406,-0.000852351169507104,-0.000852714627308982
2024-11-11,223.4368133544922,0.007887498286994754,0.00785655457817947
2024-11-21,227.71163940429688,0.01913214740948921,0.018951429256844534
2024-11-26,234.22850036621094,0.028618918993172482,0.028217047144199408
2024-12-06,241.98097229003906,0.03309790188515627,0.03256195997889208
2024-12-11,245.61807250976562,0.015030521554261433,0.014918682538451623
2024-12-16,250.15196228027344,0.018459104919193337,0.018290803614675662
2024-12-26,258.1037292480469,0.031787745717797744,0.031292973151757636
2024-12-31,249.5341796875,-0.033201959481613086,-0.033765656925253046
2025-01-10,236.01217651367188,-0.05418898200944733,-0.05571249945286836
2025-01-15,237.02854919433594,0.004306441708549658,0.004297195524385963
2025-01-30,236.74954223632812,-0.0011771027538926004,-0.00117779608347272
2025-02-04,231.97650146484375,-0.020160718058410576,-0.020366718785451276
2025-02-14,244.00274658203125,0.051842514397994366,0.05054340196659275
2025-02-19,244.27207946777344,0.0011038108771928012,0.001103202125889522
2025-02-24,246.49664306640625,0.009106908998685936,0.009065691158680144
2025-03-06,234.75538635253906,-0.04763252175691535,-0.048804312114274814
2025-03-11,220.30076599121094,-0.06157311483205419,-0.06355033204480759
2025-03-21,217.73703002929688,-0.011637435532186657,-0.011705680465757437
2025-03-26,220.9890594482422,0.014935582700414951,0.014825145159953809
2025-03-31,221.58761596679688,0.00270853462180054,0.00270487315189034
2025-04-10,189.95504760742188,-0.14275422487561262,-0.15403061605674934
2025-04-15,201.64642333984375,0.06154811825050488,0.059728331562895226
2025-04-25,208.76898193359375,0.0353220179945668,0.03471250682406435
2025-04-30,211.9811248779297,0.015386112029600607,0.015268946098248196
2025-05-05,198.40435791015625,-0.0640470559611932,-0.06619007723111114
2025-05-15,211.21029663085938,0.06454464435958629,0.06254714374823732
2025-05-20,206.62550354003906,-0.02170724232651089,-0.021946310517137215
2025-05-30,200.622314453125,-0.02905347589752294,-0.029483885222342996
2025-06-04,202.590087890625,0.009808347804499906,0.009760558198466867
2025-06-09,201.2216339111328,-0.006754792367882234,-0.0067777092352703655
2025-06-24,200.07293701171875,-0.005708615306848075,-0.005724971729260914
2025-07-09,210.90065002441406,0.054118828735248314,0.052705184499941195
2025-07-14,208.3834991455078,-0.011935244763896513,-0.012007041645088184
2025-07-24,213.51766967773438,0.02463808580468041,0.024339463220648668
2025-07-29,211.03050231933594,-0.01164853176859959,-0.011716907417384728
2025-08-08,229.0900115966797,0.08557772018196541,0.08211230628256934
2025-08-13,233.3300018310547,0.018507966387638186,0.018338778340573292
2025-08-18,230.88999938964844,-0.010457302628287701,-0.010512364419018034
2025-08-28,232.55999755859375,0.007232873547403207,0.007206841765218808
2025-09-02,229.72000122070312,-0.012211886686037121,-0.012287064442687788
2025-09-12,234.07000732421875,0.01893612258575761,0.018759065902562464
2025-09-17,238.99000549316406,0.021019344704554355,0.020801485824346662
2025-09-22,256.0799865722656,0.07150918735633227,0.0690681101890261
2025-09-29,254.42999267578125,-0.006443275472520216,-0.006464122970960471
