Date,close,ret,p_up,strat_ret,label_y,fut_ret
2022-09-16,370.0215148925781,-0.00765827364388727,0.48810053815565463,0.0,0,-0.04674993956860278
2022-09-19,372.89093017578125,0.0077248121795658875,0.4679789098830678,0.0,0,-0.06441660805658035
2022-09-20,368.6107482910156,-0.011544759905580015,0.4880114054989471,0.0,0,-0.05542796252403923
2022-09-21,362.1807556152344,-0.017597792471488738,0.5171006165886997,0.0,0,-0.018344786772238466
2022-09-22,359.1385192871094,-0.008435250443893594,0.5137550732187027,0.0,0,-0.03101971109785479
2022-09-23,353.12115478515625,-0.016896948927206168,0.5130817803804943,0.0,0,-0.029706972325978225
2022-09-26,349.62786865234375,-0.009941856308412156,0.5358817992676582,0.0,1,0.006293628891081547
2022-09-27,348.7353210449219,-0.002556114373038376,0.5429040327456193,0.0,1,0.03936590407432173
2022-09-28,355.5971984863281,0.01948538328031102,0.49264034742768004,0.0,1,0.01754947156234186
2022-09-29,348.1691589355469,-0.02111017476950927,0.5367509711828926,0.0,1,0.02829018069830217
2022-09-30,342.7852783203125,-0.01558421015533007,0.5626914029366702,-0.01558421015533007,1,0.015584210155329644
2022-10-03,351.8352355957031,0.026058744908648457,0.4880182122169014,0.0,0,-0.01813916255482778
2022-10-04,362.7373962402344,0.030516160810201143,0.4407787754606809,0.0,0,-0.055008612359327295
2022-10-05,361.892822265625,-0.0023310492316683806,0.47366276379165645,0.0,0,-0.05598114876176553
2022-10-06,358.1595764160156,-0.010369465633549346,0.5055162305422921,0.0,0,-0.019563039559058727
2022-10-07,348.1691589355469,-0.028290180698301803,0.5303780865643087,0.0,0,-0.014325075211729077
2022-10-10,345.5107727050781,-0.00766462780150956,0.511783381151861,0.0,1,0.01871173137400294
2022-10-11,343.3226013183594,-0.006353288994297657,0.5104354474267505,0.0,1,0.03674630279770213
2022-10-12,342.1902770996094,-0.0033035856341072645,0.511088000527191,0.0,1,0.03293808299472428
2022-10-13,351.2209777832031,0.02604864356915737,0.4713462747688014,0.0,0,-0.0015313041144271505
2022-10-14,343.2171630859375,-0.023052216350972543,0.5017201418128813,0.0,1,0.04553188242213315
2022-10-17,352.0367431640625,0.025372178784222932,0.48720852133128223,0.0,1,0.03232193041963623
2022-10-18,356.173095703125,0.01168128242940103,0.492842489368912,0.0,1,0.03648304181569491
2022-10-19,353.6490478515625,-0.007111805437084229,0.5253353640753204,0.0,1,0.03603208222579535
2022-10-20,350.6835632324219,-0.008420743539994113,0.5343590937571316,0.0,1,0.039098793023012765
2022-10-21,359.2057189941406,0.02401097018558751,0.5271345607806417,0.0,1,0.03859982346243344
2022-10-24,363.60113525390625,0.012162226781725849,0.5318256510172933,0.0,1,0.019187958023949524
2022-10-25,369.4073181152344,0.015842393825460377,0.5332436523527716,0.0,0,-0.001039885497195604
2022-10-26,366.6241149902344,-0.007562765026984053,0.5369533583361517,0.0,0,-0.018893412046257753
2022-10-27,364.66644287109375,-0.005354032742777015,0.5479396190788124,0.0,0,-0.023889831148875877
2022-10-28,373.3420715332031,0.02351200062500869,0.5249628944836587,0.0,0,-0.03311130153440091
2022-10-31,370.645263671875,-0.007249638656758428,0.5211869705359905,0.0,0,-0.0163415323232285
2022-11-01,369.02337646484375,-0.004385449695685217,0.5231452201225297,0.0,0,-0.006575155250932651
2022-11-02,359.7623596191406,-0.025416291576045857,0.5448892263862583,0.0,0,-0.0019761310963910426
2022-11-03,356.057861328125,-0.010350451845394737,0.539602294866804,0.0,1,0.0618714936383304
2022-11-04,361.1826477050781,0.014290530239483346,0.5088480165618556,0.0,1,0.057213140645791735
2022-11-07,364.6375732421875,0.009520130554414585,0.5001194072271282,0.0,1,0.03914991288647954
2022-11-08,366.6049499511719,0.00538092737660989,0.5100120966606894,0.0,1,0.04226173078388559
2022-11-09,359.0521240234375,-0.02081726742150458,0.5332161269897443,0.0,1,0.05542120250782879
2022-11-10,378.7834777832031,0.05349717288932698,0.4949947416336072,0.0,0,-0.0011406782201317273
2022-11-11,382.4496154785156,0.009632177246944984,0.5059207652859481,0.0,0,-0.0062426592183118645
2022-11-14,379.19622802734375,-0.008543097204897876,0.5352850896956948,0.0,0,-0.0013422546776535858
2022-11-15,382.43035888671875,0.008492745274016222,0.5184745799616657,0.0,1,0.003532203752279769
2022-11-16,379.5129699707031,-0.007657795697561198,0.5200405647859657,0.0,1,0.017471765175652836
2022-11-17,378.3516540527344,-0.0030647078386341065,0.5253332231320803,0.0,1,0.020312743127952015
2022-11-18,380.0695495605469,0.004530196248764717,0.49654766878591944,0.0,0,-0.00030299787840176224
2022-11-21,378.6875915527344,-0.003642692664239,0.49193480172409176,0.0,1,0.0016205950322475662
2022-11-22,383.7835693359375,0.013367203703949393,0.4760484506616979,0.0,1,0.019267891681746033
2022-11-23,386.2019958496094,0.006281765725812072,0.47066598754782135,0.0,1,0.012250079198991515
2022-11-25,386.1156005859375,-0.00022372988633456714,0.4781434598472164,0.0,1,0.01131945117058282
2022-11-28,379.95440673828125,-0.01608554475758961,0.4968889006500331,0.0,1,0.00925199044270275
2022-11-29,379.3017883300781,-0.001719099753589859,0.4899325854712679,0.0,0,-0.00354841854902735
2022-11-30,391.2499694824219,0.03101450035344744,0.4466507376328927,0.0,0,-0.03626570887531239
2022-12-01,390.96209716796875,-0.0007360467569421658,0.4632472248166264,0.0,0,-0.02772623017405783
2022-12-02,390.51104736328125,-0.0011543579147428318,0.48852384936072,0.0,0,-0.03407018728216244
2022-12-05,383.4860534667969,-0.01815300548546972,0.5111346906735521,0.0,0,-0.001602818627310793
2022-12-06,377.958251953125,-0.014519508745320486,0.5077630920988043,0.0,1,0.020457879952652618
2022-12-07,377.3152160644531,-0.0017027899728372375,0.4799836952685934,0.0,1,0.015746778526413898
2022-12-08,380.2710876464844,0.007803431944312322,0.45085734673771455,0.0,0,-0.016822484683758878
2022-12-09,377.43035888671875,-0.007498315022847812,0.43592434715379286,0.0,0,-0.021200643662231334
2022-12-12,382.87188720703125,0.014314363169382283,0.45803990435511266,0.0,0,-0.044030708304150526
2022-12-13,385.7701110839844,0.007541189834642914,0.4708669817960947,0.0,0,-0.05020454659150074
2022-12-14,383.3037414550781,-0.006413891399075666,0.48069786134319453,0.0,0,-0.02894886004430591
2022-12-15,373.927490234375,-0.02476583126586096,0.47176602076102875,0.0,0,-0.01855180130072657
2022-12-16,369.5128173828125,-0.01187647400131997,0.4621918887161558,0.0,0,-0.0009397225291942296
2022-12-19,366.3795166015625,-0.008515701472536996,0.4607449026950875,0.0,1,0.003624585036581468
2022-12-20,366.8808288574219,0.001367351547293616,0.46051265834910654,0.0,0,-0.01024826697991471
2022-12-21,372.3666076660156,0.014841795148118564,0.4374920010532083,0.0,0,-0.007249959743471326
2022-12-22,367.0544128417969,-0.014368772522281859,0.4645222332435774,0.0,1,0.0044811833705713875
2022-12-23,369.1657409667969,0.005735604770212177,0.46723600400041837,0.0,0,-0.00547307731263864
2022-12-27,367.70989990234375,-0.003951393906760359,0.4773893692875277,0.0,1,0.006168937714377344
2022-12-28,363.14013671875,-0.012505500469203845,0.502482630456672,0.0,1,0.0071953542719764025
2022-12-29,369.6767272949219,0.017840102384562684,0.45471395150302846,0.0,1,0.012028427451335798
2022-12-30,368.70294189453125,-0.0026376294082384177,0.4652563437514653,0.0,1,0.01409885584585924
2023-01-03,367.1507873535156,-0.004218655912998415,0.4834818651684785,0.0,1,0.025305896815525523
2023-01-04,369.98529052734375,0.007690621120254981,0.4785436131444741,0.0,1,0.030183850486988965
2023-01-05,365.7624816894531,-0.011479083911604349,0.4983966540741817,0.0,1,0.045297082093784434
2023-01-06,374.15020751953125,0.022673175563921788,0.48339925391,0.0,1,0.02649585308854959
2023-01-09,373.93804931640625,-0.0005672010137152128,0.48522529453939156,0.0,1,0.02522958633558964
2023-01-10,376.5604248046875,0.0069883850566681005,0.4999014859690268,0.0,1,0.002327113693362169
2023-01-11,381.3231201171875,0.012568574791719023,0.5003030092909142,0.0,0,-0.01754783171867526
2023-01-12,382.71142578125,0.0036341476951911034,0.5158262548591495,0.0,0,-0.002724291904632146
2023-01-13,384.1961364746094,0.003871946558686723,0.5276766228940638,0.0,1,0.005331001875097583
2023-01-17,383.49237060546875,-0.0018334677666755894,0.5260259452336757,0.0,1,0.00609054286936956
2023-01-18,377.437744140625,-0.01591408758555879,0.5531267372933998,-0.01591408758555879,1,0.022379153557204094
2023-01-19,374.6900939941406,-0.007306370620319136,0.5490644336732835,0.0,1,0.040615953427754016
2023-01-20,381.67022705078125,0.018457687509234155,0.5146513362002756,0.0,1,0.024453470651801885
2023-01-23,386.249755859375,0.011927240338416745,0.49827543345398756,0.0,0,-9.995259568821938e-05
2023-01-24,385.8351745605469,-0.0010739267724027002,0.5127982599929811,0.0,1,0.015570177457027793
2023-01-25,385.9797058105469,0.0003745231022751483,0.5120876532289639,0.0,1,0.025767509004723452
2023-01-26,390.2217712402344,0.010930429250231022,0.4958117885996466,0.0,1,0.029289023665054457
2023-01-27,391.1184387207031,0.0022952047332820413,0.4979629736437495,0.0,1,0.0163078755051915
2023-01-30,386.2111511230469,-0.012626182909073691,0.5243634822739699,0.0,1,0.022803870084718885
2023-01-31,391.88970947265625,0.014596203280312636,0.49797681575015174,0.0,1,0.021201692491455124
2023-02-01,396.0546875,0.010571854649970902,0.4844238958840513,0.0,0,-0.0003653024382559133
2023-02-02,401.82000732421875,0.01445194391056237,0.47525968229146215,0.0,0,-0.0235241575489561
2023-02-03,397.5490417480469,-0.010685943426580913,0.511584508576706,0.0,0,-0.010507159139832594
2023-02-06,395.11944580078125,-0.006130188329545483,0.5140651136012233,0.0,1,0.007293412000019358
2023-02-07,400.2871398925781,0.012994025687048882,0.49239469974943506,0.0,0,-0.00616084666383953
2023-02-08,395.9100341796875,-0.010995140279740134,0.506029230742143,0.0,1,0.008076565070070554
2023-02-09,392.47784423828125,-0.008706911200138556,0.5110278424023798,0.0,1,0.002918901710763302
2023-02-10,393.393798828125,0.002331054982542824,0.4901937425254954,0.0,0,-0.0019135137192063671
2023-02-13,398.0117492675781,0.011670382810305746,0.47366728642863004,0.0,0,-0.03384872923657429
2023-02-14,397.82861328125,-0.00046023297680974906,0.47822368399411613,0.0,0,-0.034767621591098474
2023-02-15,399.1205749511719,0.0032422714541704423,0.4825357025891545,0.0,0,-0.03270462733650796
2023-02-16,393.6251220703125,-0.013864574559446119,0.5076102712299063,0.0,0,-0.029579894377743055
2023-02-17,392.6417541503906,-0.0025013604474271034,0.4915417166442016,0.0,0,-0.023678414739787688
2023-02-21,384.7650146484375,-0.020264832707061586,0.4782897063621464,0.0,0,-0.007116405517017992
2023-02-22,384.2347412109375,-0.0013791253313337748,0.4649127064312544,0.0,0,-0.009580555970609295
2023-02-23,386.27862548828125,0.005305265708760665,0.44660701274295717,0.0,0,-0.007138708234872499
2023-02-24,382.1522521972656,-0.010739841600680755,0.45843382328493826,0.0,1,0.019511709339924754
2023-02-27,383.4538269042969,0.0034001191905277395,0.4613469088291808,0.0,1,0.016804116591092832
2023-02-28,382.0365905761719,-0.0037028234842919616,0.46869354498044846,0.0,1,0.005059481767454186
2023-03-01,380.5711364746094,-0.003843275784925382,0.48225870409719096,0.0,1,0.010533669845550328
2023-03-02,383.5309143066406,0.007747113444497522,0.4645369673307861,0.0,0,-0.015835674397100364
2023-03-03,389.6819152832031,0.01591057597411627,0.43972655288833323,0.0,0,-0.046280928976776714
2023-03-06,389.9518737792969,0.000692526441697261,0.4605333168492896,0.0,0,-0.048399715888717894
2023-03-07,383.9743957519531,-0.01544745830793115,0.49758995685726554,0.0,0,-0.016557301174008488
2023-03-08,384.60113525390625,0.0016309122931703612,0.4854039718449855,0.0,0,-0.024462327688356354
2023-03-09,377.5052795410156,-0.018622230798152728,0.5033295742419961,0.0,1,0.011553127691403745
2023-03-10,372.05804443359375,-0.014534678605560458,0.5195608173888012,0.0,1,0.014326089301537764
2023-03-13,371.52777099609375,-0.0014262604702439674,0.512436984870917,0.0,1,0.025322169649799036
2023-03-14,377.6691589355469,0.016394956406777794,0.46527177628208394,0.0,1,0.021972243792593073
2023-03-15,375.3070373535156,-0.006274114221176852,0.4854763512381203,0.0,1,0.011052962735505217
2023-03-16,381.8919372558594,0.01739322458160686,0.4711519556975998,0.0,0,-0.003640596851230997
2023-03-17,377.4265441894531,-0.011761716995425608,0.48979984945622607,0.0,1,0.014661892843139865
2023-03-20,381.0557861328125,0.009569819878016084,0.49791366919892754,0.0,1,0.006960021561557413
2023-03-21,386.0592346191406,0.013045030549572623,0.5046401539316375,0.0,0,-0.00833214753629898
2023-03-22,379.4783020019531,-0.017193395278265022,0.5155934279679707,0.0,1,0.023291414360528027
2023-03-23,380.504150390625,0.00269966499487051,0.5153645115170946,0.0,1,0.026429981990320397
2023-03-24,383.0010986328125,0.006540772698945929,0.5073051129327478,0.0,1,0.03388538975828846
2023-03-27,383.7171936035156,0.0018679485964341325,0.5139061195237464,0.0,1,0.03582079845064116
2023-03-28,382.85589599609375,-0.0022471385482845108,0.5186615881590955,0.0,1,0.03250431101457298
2023-03-29,388.4206237792969,0.014430166618562446,0.5131422356616033,0.0,1,0.015452403799636494
2023-03-30,390.6949462890625,0.005838232624662432,0.5116535563302429,0.0,1,0.013507643264750882
2023-03-31,396.2016296386719,0.013996180466913977,0.5070471404338762,0.0,1,0.0005372616733282983
2023-04-03,397.7113952636719,0.0038033572887865574,0.5018624346135433,0.0,0,-0.002997534502162729
2023-04-04,395.50482177734375,-0.005563625984351894,0.5170742340787057,0.0,0,-0.00151829312573595
2023-04-05,394.4692687988281,-0.0026217405963748774,0.5163745866025105,0.0,1,0.014298681016099364
2023-04-06,396.00811767578125,0.0038934720897776387,0.5007548197317379,0.0,1,0.007959595434972768
2023-04-10,396.41455078125,0.00102579887549048,0.5005745532725219,0.0,1,0.01051549893383903
2023-04-11,396.5210266113281,0.0002685611132955401,0.49949755889657216,0.0,1,0.010899043507920547
2023-04-12,394.90478515625,-0.004084384607924818,0.5030184633086683,0.0,1,0.014814407326723976
2023-04-13,400.1501770019531,0.013195233545460816,0.4804820890000538,0.0,0,-0.0038528623161846937
2023-04-14,399.1727600097656,-0.0024456134913490857,0.4810455182185499,0.0,0,-0.0006306989530202721
2023-04-17,400.60504150390625,0.00358170237435651,0.4824751116983746,0.0,0,-0.0031697870943606355
2023-04-18,400.8663635253906,0.0006521056873776132,0.4743339563985537,0.0,0,-0.019823083382944032
2023-04-19,400.7986145019531,-0.0001690207891220652,0.4675207007951447,0.0,0,-0.023898419416149407
2023-04-20,398.6114196777344,-0.005472036097447841,0.4933059201369954,0.0,1,0.0012860649739146763
2023-04-21,398.92108154296875,0.0007765498718148578,0.48650780678708405,0.0,1,0.009008368746643701
2023-04-24,399.33721923828125,0.001042614233017325,0.47642498743289274,0.0,1,0.006955398583686892
2023-04-25,392.9981994628906,-0.01600119060120697,0.5096878432374513,0.0,1,0.0116537404338569
2023-04-26,391.3337097167969,-0.0042443568223271555,0.48237467872328654,0.0,1,0.009010440423015688
2023-04-27,399.1243896484375,0.019712448292616536,0.47327282053701947,0.0,0,-0.017809979687436934
2023-04-28,402.53094482421875,0.008498853644544724,0.4959463236527263,0.0,0,-0.00796575451362695
2023-05-01,402.12445068359375,-0.0010103559299405873,0.4988279753134261,0.0,0,-0.006688726352764251
2023-05-02,397.6048889160156,-0.011302848751036265,0.491113351751278,0.0,1,0.00021910731776020862
2023-05-03,394.875732421875,-0.006887656833168165,0.4767417558722135,0.0,1,0.011768227607575114
2023-05-04,392.07891845703125,-0.0071079718178364,0.4610924008332006,0.0,1,0.017130772546906696
2023-05-05,399.33721923828125,0.018343078818354286,0.4751449311667971,0.0,0,-0.0025235318456059666
2023-05-08,399.4437255859375,0.00026667223092236014,0.47595595266916285,0.0,1,0.0006539246056808853
2023-05-09,397.6920166015625,-0.004395015080511655,0.4818894723000357,0.0,0,-0.0016561210900949662
2023-05-10,399.5501708984375,0.004661463456645976,0.48665389004875487,0.0,1,0.005748215730966477
2023-05-11,398.8533935546875,-0.0017454268785046523,0.48265623462845636,0.0,1,0.017080787967112397
2023-05-12,398.33074951171875,-0.0013112255741578593,0.4859337796039834,0.0,1,0.016935947385292655
2023-05-15,399.70501708984375,0.0034441286822088912,0.48622675577402624,0.0,1,0.01389767388312471
2023-05-16,397.033935546875,-0.006705060776287297,0.4847660304359829,0.0,1,0.009316491395603501
2023-05-17,401.8534851074219,0.012065800277707872,0.5024798384127998,0.0,0,-0.010020469594640917
2023-05-18,405.7246398925781,0.009587145357641269,0.5072348930734805,0.0,0,-0.010984923951285641
2023-05-19,405.1343078613281,-0.001456066155978597,0.5087658848040585,0.0,1,0.0033386408849279577
2023-05-22,405.29876708984375,0.00040585518004210286,0.5039245182663546,0.0,1,0.003313648759874148
2023-05-23,400.75018310546875,-0.011286243263809226,0.5164157354277266,0.0,1,0.00903935816761699
2023-05-24,397.8468322753906,-0.007271160712536862,0.507049075859047,0.0,1,0.02576659576252444
2023-05-25,401.29217529296875,0.008622691000996774,0.4937442022343311,0.0,1,0.03150158931327483
2023-05-26,406.4891662597656,0.012867498680234846,0.5031235866604874,0.0,1,0.01671594437582892
2023-05-30,406.6440124511719,0.00038086305498818973,0.5075105992175837,0.0,1,0.018510151511818545
2023-05-31,404.3891296386719,-0.00556053385606603,0.518048147006029,0.0,1,0.020606869139457626
2023-06-01,408.231201171875,0.009456076882370823,0.5169203670150113,0.0,1,0.017181252545825282
2023-06-02,414.1347351074219,0.01435768455174724,0.516618756659965,0.0,1,0.004616248527917144
2023-06-05,413.34112548828125,-0.0019181462572106511,0.5050723562898016,0.0,1,0.015565419336954385
2023-06-06,414.24114990234375,0.002175070190977735,0.49660843483058403,0.0,1,0.019961579441956367
2023-06-07,412.80877685546875,-0.0034638162284279517,0.49810544642246823,0.0,1,0.02461551311716027
2023-06-08,415.30572509765625,0.006030460288738659,0.48262908816816846,0.0,1,0.03090646046904295
2023-06-09,416.0509033203125,0.001792680533839075,0.471097156109902,0.0,1,0.025701843752581992
2023-06-12,419.8252868652344,0.009031024551826583,0.45654677352965645,0.0,1,0.011469044373794639
2023-06-13,422.5931396484375,0.006571230295979724,0.4430470468617194,0.0,0,-0.00023920480118357705
2023-06-14,423.09637451171875,0.0011901174467761066,0.44218584350489,0.0,1,0.0021740597242137965
2023-06-15,428.3417663574219,0.012321407640621729,0.42097490832679063,0.0,0,-0.017736060734956285
2023-06-16,426.8827819824219,-0.003411936182621922,0.42863733246653,0.0,0,-0.018418313638739164
2023-06-20,424.6679992675781,-0.00520177482696127,0.4524903342312072,0.0,0,-0.002312898803190608
2023-06-21,422.4920654296875,-0.005137018878998312,0.4649000480587657,0.0,1,0.003328409226574365
2023-06-22,424.0172119140625,0.0036033819721739135,0.4498089611466243,0.0,1,0.003658570716731534
2023-06-23,420.8116455078125,-0.007588712818548338,0.48280124253281587,0.0,1,0.022979025735004766
2023-06-26,419.09228515625,-0.004094189086405464,0.48776835849726263,0.0,1,0.02822303978804092
2023-06-27,423.6869201660156,0.010903640008587345,0.45551385517324455,0.0,1,0.015831168428611972
2023-06-28,423.900634765625,0.0005042891507676117,0.4553473392618565,0.0,1,0.007465310779701003
2023-06-29,425.57135009765625,0.0039335434623302135,0.4595855004775568,0.0,1,0.0010038615032619525
2023-06-30,430.59344482421875,0.011731742199724948,0.45350752151005086,0.0,0,-0.00819997488235417
2023-07-03,431.0888366699219,0.0011498249666308524,0.44790955859526627,0.0,0,-0.0030014020650756634
2023-07-05,430.44775390625,-0.0014882313508408629,0.4568958484396227,0.0,1,0.006500454964949518
2023-07-06,427.0770263671875,-0.007861568498144678,0.4773149109445393,0.0,1,0.022267636135574143
2023-07-07,425.998779296875,-0.002527905814107889,0.47487117101721904,0.0,1,0.024172548334860447
2023-07-10,427.0770263671875,0.002527905814107889,0.46226860996006464,0.0,1,0.025110913649128895
2023-07-11,429.7969055175781,0.0063483977839098316,0.46185259234223436,0.0,1,0.026165540502858842
2023-07-12,433.2549743652344,0.008013625679184067,0.46457663701386315,0.0,1,0.02037322016004083
2023-07-13,436.6936950683594,0.0079056126724808,0.4591768818009385,0.0,1,0.0058110671740012965
2023-07-14,436.4217224121094,-0.0006229936148223203,0.4538781493585077,0.0,1,0.006434060788823404
2023-07-17,437.9371032714844,0.003466271128377052,0.441476611705376,0.0,1,0.0074250899013645144
2023-07-18,441.1911926269531,0.0074030246376395326,0.42656969763691305,0.0,1,0.0027483902430811
2023-07-19,442.17230224609375,0.0022213053363655533,0.41707100547095793,0.0,1,0.00068083178358166
2023-07-20,439.2387390136719,-0.006656540313558779,0.45187702705627664,0.0,1,0.0006853078963633803
2023-07-21,439.2387390136719,0.0,0.4403580803416542,0.0,1,0.010428052284606859
2023-07-24,441.200927734375,0.004457300240917839,0.4269633200638425,0.0,1,0.007872976574821349
2023-07-25,442.4054260253906,0.0027263249793563205,0.42422242522209824,0.0,1,0.002280875573288031
2023-07-26,442.47344970703125,0.0001537468768670891,0.4184048503238748,0.0,0,-0.011881350418920909
2023-07-27,439.53985595703125,-0.006652064200777907,0.45575626097478383,0.0,0,-0.008099173487546482
2023-07-28,443.8431091308594,0.00974274438824363,0.4348983032261982,0.0,0,-0.022374926413165373
2023-07-31,444.6882019042969,0.0019022245311317576,0.42311817247523054,0.0,0,-0.015586533642499881
2023-08-01,443.4156494140625,-0.00286577602217708,0.4404481284678246,0.0,0,-0.017078923191312843
2023-08-02,437.24737548828125,-0.014008479115341643,0.4946493818198411,0.0,0,-0.00977808732055669
2023-08-03,435.99432373046875,-0.002869887269403293,0.48789687659999986,0.0,0,-0.006549306905320657
2023-08-04,434.0224304199219,-0.0045330085373755935,0.4801897334780019,0.0,0,-0.0025997678330997183
2023-08-07,437.810791015625,0.008690617301797765,0.45354795164037276,0.0,0,-0.005785415021617192
2023-08-08,435.9068908691406,-0.004358165570989669,0.44477795869180375,0.0,0,-0.013144372566318872
2023-08-09,432.9927673339844,-0.006707643244586059,0.4422217439939683,0.0,0,-0.013802085255244637
2023-08-10,433.148193359375,0.00035889314583315013,0.4432902834409488,0.0,0,-0.02181001931627552
2023-08-11,432.8955383300781,-0.0005834694651545291,0.4475912160165782,0.0,0,-0.02074528689844155
2023-08-14,435.2851867675781,0.0055049701132805495,0.44340687481289176,0.0,0,-0.01976515593244934
2023-08-15,430.21466064453125,-0.011717123115691841,0.46411133845600305,0.0,0,-0.010760178318816782
2023-08-16,427.0576171875,-0.007365355933512063,0.48382065068307323,0.0,1,0.0076811827273058535
2023-08-17,423.8034973144531,-0.007649040915198135,0.5037795379682748,0.0,1,0.0013742791659926278
2023-08-18,424.00750732421875,0.00048126295267980623,0.5105098862074209,0.0,1,0.007918113234133486
2023-08-21,426.76617431640625,0.006485101079272582,0.486187204249738,0.0,1,0.007754386844488143
2023-08-22,425.61029052734375,-0.0027121455020591156,0.5007532158888213,0.0,1,0.024817756403311863
2023-08-23,430.3505554199219,0.011076005112610865,0.4706374075105367,0.0,1,0.017852102463718735
2023-08-24,424.3863220214844,-0.013955944476511384,0.5080162827354516,0.0,1,0.03034358765871181
2023-08-25,427.378173828125,0.007025097020820326,0.4895501114624822,0.0,1,0.0251818746942999
2023-08-28,430.0883483886719,0.006321374689627568,0.47616562930785533,0.0,1,0.014529149559182991
2023-08-29,436.3051452636719,0.0143512240567647,0.4839655387003102,0.0,0,-0.006566944470042712
2023-08-30,438.1022033691406,0.004110351173017612,0.4996823107168845,0.0,0,-0.013752439185480607
2023-08-31,437.4610900878906,-0.0014644592815180602,0.5122062982829888,0.0,0,-0.010782932610168425
2023-09-01,438.2770080566406,0.0018633840564081794,0.5117718935048462,0.0,0,-0.006091224747066608
2023-09-05,436.3827819824219,-0.004331350445490045,0.5183274174529422,0.0,0,-0.0072606589431107645
2023-09-06,433.4493408203125,-0.006744869972460599,0.5295527451848043,0.0,1,0.0006496393815046857
2023-09-07,432.11846923828125,-0.0030751435424205553,0.5271007745828117,0.0,1,0.012310093791390543
2023-09-08,432.7693176269531,0.0015050472937945258,0.5186138220488444,0.0,0,-0.0013163599736859997
2023-09-11,435.615478515625,0.00655509191950987,0.506850411928038,0.0,0,-0.007285138392665054
2023-09-12,433.225830078125,-0.005500784641533585,0.5201954454917682,0.0,0,-0.0038603731749773267
2023-09-13,433.73101806640625,0.001165428352154052,0.5217370922049709,0.0,0,-0.01426156822968939
2023-09-14,437.47076416015625,0.008585310867466056,0.5063875088192771,0.0,0,-0.03951343738156369
2023-09-15,432.20001220703125,-0.012121406471282015,0.5305029540936194,0.0,0,-0.029643021450135698
2023-09-18,432.4534912109375,0.0005863135005306219,0.522940684426536,0.0,0,-0.02603301992614558
2023-09-19,431.556640625,-0.002076019423846276,0.509660858142151,0.0,0,-0.03875741019312244
2023-09-20,427.5892333984375,-0.00923576670255688,0.5051241285752852,0.0,0,-0.029122418739737074
2023-09-21,420.5218505859375,-0.016666558284408772,0.5093105849834112,0.0,0,-0.006675078045669035
2023-09-22,419.5763244628906,-0.0022509905398546692,0.5112128845955985,0.0,0,-0.006853983102667781
2023-09-25,421.3406982421875,0.004196315024520558,0.49976184060400336,0.0,0,-0.011448187094169107
2023-09-26,415.1506042480469,-0.014800409690822747,0.5302191461763643,0.0,0,-0.010124252915713908
2023-09-27,415.3163757324219,0.0003992247508284308,0.5368295113357725,0.0,0,-0.00326785962906342
2023-09-28,417.72418212890625,0.005780782409659402,0.5147275596893051,0.0,0,-0.009425426460261895
2023-09-29,416.71038818359375,-0.002429895596853804,0.5327979812719135,0.0,1,0.004807329775605791
2023-10-02,416.54461669921875,-0.00039788896698045306,0.5425874068822798,0.0,1,0.011587025180395092
2023-10-03,410.9687194824219,-0.013476475512367081,0.5714304128913635,-0.013476475512367081,1,0.030254802021711973
2023-10-04,413.9613952636719,0.007255618037477873,0.5406185920550152,0.0,1,0.02708706053040667
2023-10-05,413.8054504394531,-0.0003767844215385452,0.5438344708167205,0.0,1,0.0213488117254633
2023-10-06,418.7184753417969,0.01180286063901459,0.5006071139211836,0.0,1,0.004552552353212094
2023-10-09,421.3992004394531,0.0063818064378082795,0.4871370756008947,0.0,1,0.008637304936385959
2023-10-10,423.5924987792969,0.005191301328949294,0.4891516481287955,0.0,1,0.0034001243854496215
2023-10-11,425.32763671875,0.004087876546173597,0.49121636973730476,0.0,0,-0.014102569848329666
2023-10-12,422.73468017578125,-0.006115033226482325,0.5170438540987415,0.0,0,-0.016812734535979413
2023-10-13,420.6290588378906,-0.004993398733237342,0.5353258558910141,0.0,0,-0.024183487199732085
2023-10-16,425.0547180175781,0.010466559020983368,0.519126151274308,0.0,0,-0.036384734619802676
2023-10-17,425.03521728515625,-4.587922198773242e-05,0.5315663435568989,0.0,0,-0.028827743699175522
2023-10-18,419.37152099609375,-0.013414817687605662,0.5519429145466221,-0.013414817687605662,0,-0.029869122584237445
2023-10-19,415.686767578125,-0.008825197914132055,0.5468155407546902,0.0,0,-0.033090712317216796
2023-10-20,410.57879638671875,-0.012364151396989875,0.5369620355387499,0.0,0,-0.025269770258210946
2023-10-23,409.8671875,-0.001734688399087858,0.5334217959987257,0.0,0,-0.01165016814986825
2023-10-24,412.95733642578125,0.007511111698640605,0.5156965788031286,0.0,0,-0.012900677255042133
2023-10-25,407.0304870605469,-0.01445619657266839,0.5290730716582781,0.0,1,0.012163777162766416
2023-10-26,402.156494140625,-0.012046787647111756,0.545350149983632,0.0,1,0.04319365879871492
2023-10-27,400.33355712890625,-0.004543209337983356,0.5520384328770918,-0.004543209337983356,1,0.05681899130774729
2023-10-30,405.119873046875,0.011884913709255152,0.5142874616267464,0.0,1,0.04723182011318304
2023-10-31,407.66412353515625,0.006260602593465947,0.5065874136217425,0.0,1,0.043813188502100274
2023-11-01,412.0117492675781,0.010608257845140301,0.49236356425627636,0.0,1,0.03393714646104881
2023-11-02,419.90771484375,0.018983093988837574,0.4733058630554749,0.0,1,0.007124799343331483
2023-11-03,423.7387390136719,0.00908212317104784,0.47598520163182806,0.0,1,0.013526897252748598
2023-11-06,424.7135009765625,0.002297742514691059,0.48767809588086947,0.0,1,0.010275535564007217
2023-11-07,425.9222412109375,0.0028419709823834793,0.4869822497578894,0.0,1,0.026648507150918432
2023-11-08,426.2342224121094,0.000732215804088554,0.486331874964776,0.0,1,0.028030976345792324
2023-11-09,422.91015625,-0.00782925312887972,0.5097785642744516,0.0,1,0.03708261902209065
2023-11-10,429.5095520019531,0.015484221080465765,0.47766015723447547,0.0,1,0.022841449110904206
2023-11-13,429.10015869140625,-0.0009536191740506794,0.4754734403947061,0.0,1,0.03146316655214777
2023-11-14,437.4250183105469,0.019214942569294458,0.45309578108369986,0.0,1,0.010066617808358136
2023-11-15,438.35101318359375,0.0021146849989630567,0.44974774654954575,0.0,1,0.01180524179350555
2023-11-16,438.8871765136719,0.0012223895474177127,0.45470517315787734,0.0,1,0.011197890606326909
2023-11-17,439.4330749511719,0.0012430511692791413,0.4507377738295208,0.0,1,0.0081523305160353
2023-11-20,442.8156433105469,0.00766809826719328,0.431330420958867,0.0,1,0.0014739462926563935
2023-11-21,441.85064697265625,-0.00218160617449481,0.43740748864102175,0.0,1,0.0029518028807032316
2023-11-22,443.5565185546875,0.003853308984109738,0.42914750272269975,0.0,1,0.0030282713683000458
2023-11-24,443.82940673828125,0.0006150383602401277,0.4302169125534354,0.0,1,0.008311621586889334
2023-11-27,443.0301208496094,-0.0018025089210125245,0.4440145977602801,0.0,1,0.004850994648871206
2023-11-28,443.46881103515625,0.0009897140438139829,0.43470094157634404,0.0,1,0.0036641101917998216
2023-11-29,443.1568298339844,-0.0007037495864485876,0.4331192288763254,0.0,1,0.00032994213436557005
2023-11-30,444.9017639160156,0.003929777471707752,0.41942505991738654,0.0,1,0.004001643235517471
2023-12-01,447.5337219238281,0.00589838857882885,0.4025063847103939,0.0,1,0.002393078055549707
2023-12-04,445.1844787597656,-0.005263135859030932,0.4338874545403197,0.0,1,0.01153828166942743
2023-12-05,445.0967102050781,-0.0001971704132577301,0.43098510554973074,0.0,1,0.016292279841736812
2023-12-06,443.3030700683594,-0.004037917643882061,0.4451766568845065,0.0,1,0.034026192630386816
2023-12-07,446.6856689453125,0.007601478572858866,0.4269093210455616,0.0,1,0.02962891868594318
2023-12-08,448.6059875488281,0.004289823398861081,0.4298763567590812,0.0,1,0.023691341215838577
2023-12-11,450.35089111328125,0.0038820677548470073,0.43214970336568503,0.0,1,0.02541855103765928
2023-12-12,452.4077453613281,0.004556827759051529,0.4493546795442853,0.0,1,0.026924101259176034
2023-12-13,458.64654541015625,0.013695995144768602,0.4359645109648466,0.0,0,-0.0007260636938612158
2023-12-14,460.1184997558594,0.003204204628414864,0.4216608631770582,0.0,1,0.005507001330737476
2023-12-15,459.3609619140625,-0.0016477540712429573,0.42156532593957224,0.0,1,0.00916237940433396
2023-12-18,461.94488525390625,0.005609277576667182,0.406347033530863,0.0,1,0.007766808530503112
2023-12-19,464.7538757324219,0.006062377980568634,0.38773252644586914,0.0,1,0.003510791445601087
2023-12-20,458.31365966796875,-0.01395416980826969,0.46146089692888337,0.0,1,0.017842639413047763
2023-12-21,462.65936279296875,0.009437269653014724,0.4366201250770916,0.0,1,0.005506229083240002
2023-12-22,463.5891418457031,0.0020076240023527703,0.42176354864497617,0.0,0,-0.002113431403956521
2023-12-26,465.54669189453125,0.004213706702836717,0.41800264390652714,0.0,0,-0.014527400274527027
2023-12-27,466.3883972167969,0.0018063608956664368,0.4113030825468084,0.0,0,-0.019560039867070066
2023-12-28,466.5645751953125,0.00037767815917710834,0.40725327664873767,0.0,0,-0.018569097388336855
2023-12-29,465.2138977050781,-0.0028991406767930883,0.42140629312066974,0.0,0,-0.00149487216406027
2024-01-02,462.61041259765625,-0.005612036484843763,0.44465967854096555,0.0,1,0.0025989993575358987
2024-01-03,458.8323974609375,-0.008200262167733285,0.475297330447569,0.0,1,0.016438711522688207
2024-01-04,457.3544616699219,-0.003226278696876861,0.4738468713338315,0.0,1,0.019224242522420436
2024-01-05,457.9808349609375,0.0013686206379102117,0.4564432035029473,0.0,1,0.018548100840502235
2024-01-08,464.51898193359375,0.014175084547483507,0.432376018767657,0.0,1,0.0006949658080320795
2024-01-09,463.8143005371094,-0.0015181649632474148,0.4409537257052001,0.0,0,-0.0033609584593940808
2024-01-10,466.4373474121094,0.005639449997418389,0.4516517734327015,0.0,0,-0.00014695975239853082
2024-01-11,466.2318115234375,-0.00044074769714441686,0.45408813774115,0.0,1,0.012683045412618029
2024-01-12,466.5547790527344,0.0006924789559921152,0.449244029227601,0.0,1,0.014102604105427597
2024-01-16,464.8419189453125,-0.0036780504849867057,0.45067978421362914,0.0,1,0.020692851713358267
2024-01-17,462.258056640625,-0.005574089230673707,0.4478008449709785,0.0,1,0.02735949792147306
2024-01-18,466.3688049316406,0.00885344870441429,0.454872969217728,0.0,1,0.02393017262070017
2024-01-19,472.1827087402344,0.012389257467872561,0.46541728960049716,0.0,1,0.010269733579514568
2024-01-22,473.1810302734375,0.0021120376488017456,0.46738927486512283,0.0,1,0.016045861148949736
2024-01-23,474.56103515625,0.0029121971229431054,0.4598070326502099,0.0,1,0.012359881468667497
2024-01-24,475.0798034667969,0.0010925569774418165,0.4470521070564621,0.0,0,-0.005184538382290654
2024-01-25,477.6636962890625,0.005424123403640735,0.4335686436989554,0.0,1,0.002394638779390519
2024-01-26,477.056884765625,-0.0012711815733128518,0.4299702252778949,0.0,1,0.014138142658317586
2024-01-29,480.8348693847656,0.007888165218236765,0.41330229204033614,0.0,1,0.0026020957319464644
2024-01-30,480.46295166015625,-0.0007737825573386203,0.40990255749622667,0.0,1,0.006274998845973847
2024-01-31,472.62310791015625,-0.01645186287351663,0.49553636129152334,0.0,1,0.031032658277408986
2024-02-01,478.80889892578125,0.013003300565322284,0.4625514440742994,0.0,1,0.018470948982364267
2024-02-02,483.8494873046875,0.010472322305613346,0.44542851427317653,0.0,1,0.01376139140495921
2024-02-05,482.0876770019531,-0.0036478817081340154,0.4670178201178965,0.0,1,0.016970282105857125
2024-02-06,483.4873352050781,0.002899120556688395,0.4560122538188582,0.0,1,0.0002023413028798004
2024-02-07,487.5198059082031,0.008305796557918299,0.44241510965880443,0.0,1,0.0009432141110342543
2024-02-08,487.7351379394531,0.0004415912702784297,0.4386630285241741,0.0,1,0.00737762519861995
2024-02-09,490.553955078125,0.00576276472820858,0.4283217696738145,0.0,0,-0.003377503277420987
2024-02-12,490.3386535644531,-0.0004389910072370995,0.42343761159516496,0.0,0,-0.00845912249403233
2024-02-13,483.5851745605469,-0.013868820246288216,0.4858530149006547,0.0,1,0.00631500795684289
2024-02-14,487.9798583984375,0.009046669366072457,0.4656928454435688,0.0,1,0.017752665477403028
2024-02-15,491.3467712402344,0.00687600235786423,0.45147803447079116,0.0,1,0.011566068902728483
2024-02-16,488.89990234375,-0.004992363747832407,0.466014052216839,0.0,1,0.012889140755355542
2024-02-20,486.20831298828125,-0.005520610223848088,0.47547747766533344,0.0,1,0.020265731651809105
2024-02-21,486.648681640625,0.0009053102045859518,0.4634896758233451,0.0,1,0.018038002420836443
2024-02-22,496.72015380859375,0.02048432688663393,0.45656827004987205,0.0,1,0.0011420975529150702
2024-02-23,497.0627136230469,0.0006894057831887679,0.44997387859408344,0.0,1,0.00979722407041697
2024-02-26,495.2421875,-0.0036692918952052622,0.4655477989603118,0.0,1,0.012393537682752236
2024-02-27,496.1622009277344,0.001855980672605284,0.4535152657471477,0.0,1,0.0004931051318066288
2024-02-28,495.5065002441406,-0.0013224190263860791,0.45132755952764914,0.0,1,0.006870026800990825
2024-02-29,497.28778076171875,0.003588422018712123,0.454452477764458,0.0,1,0.01315902435044049
2024-03-01,501.95648193359375,0.0093445323006911,0.4452955630433938,0.0,0,-0.0022057844099150708
2024-03-04,501.4181823730469,-0.0010729782828704515,0.44152880141347345,0.0,0,-0.0019930415268785027
2024-03-05,496.40692138671875,-0.0100444518783398,0.4768562663626884,0.0,1,0.018751347212949646
2024-03-06,498.92236328125,0.005054502642797942,0.4633080651530003,0.0,1,0.012128174364185037
2024-03-07,503.8748474121094,0.009877419568161905,0.4491186480820211,0.0,1,0.00027202452603268355
2024-03-08,500.8504943847656,-0.006020276459664409,0.46535483549410495,0.0,0,-0.0005980387895333876
2024-03-11,500.4198303222656,-0.0008602353998341528,0.46203759114780174,0.0,1,0.006187762722934087
2024-03-12,505.80303955078125,0.010699936861488624,0.4470146014101447,0.0,1,0.0010295073662875028
2024-03-13,505.0102233886719,-0.00156867020596696,0.45802297715041107,0.0,1,0.01180495120343223
2024-03-14,504.0119323730469,-0.001978730269990514,0.4637433060446024,0.0,1,0.017082983315330525
2024-03-15,500.5510559082031,-0.0068903397752304585,0.47330155724270534,0.0,1,0.022075752288681777
2024-03-18,503.5259094238281,0.005925566112633618,0.4635284819506963,0.0,1,0.01338356874995418
2024-03-19,506.32403564453125,0.005541681504841911,0.46483490255012616,0.0,1,0.005993134255340949
2024-03-20,511.0071716308594,0.009206773631177612,0.480410308712975,0.0,1,0.005155076614918394
2024-03-21,512.6959228515625,0.0032993018419080755,0.46397274559631707,0.0,1,0.0016646830910851463
2024-03-22,511.7239685058594,-0.001897570801880022,0.46518200587302694,0.0,1,0.0018209012874503216
2024-03-25,510.3101806640625,-0.0027666174260936316,0.46897867734057685,0.0,0,-0.0017908191078914368
2024-03-26,509.36761474609375,-0.00184875298977083,0.4652527442396206,0.0,1,0.0011558262079572582
2024-03-27,513.6482543945312,0.008368715990754616,0.45536188083745754,0.0,0,-0.019494088941005468
2024-03-28,513.5501098632812,-0.00019109168192521508,0.44842418148986196,0.0,0,-0.008910325162842172
2024-04-01,512.6566162109375,-0.0017413526055145567,0.44973566005317445,0.0,0,-0.006609793874263823
2024-04-02,509.3971252441406,-0.006378337821434599,0.468322020193137,0.0,1,0.0009246304719520514
2024-04-03,509.9566955566406,0.0010978923260767104,0.46211006014956396,0.0,0,-0.010236858746176162
2024-04-04,503.73211669921875,-0.012281199158207023,0.4771773819867434,0.0,1,0.009562888418576223
2024-04-05,508.9945373535156,0.010392672096236844,0.46103087900449063,0.0,0,-0.014729015983853198
2024-04-08,509.27923583984375,0.0005591786830647649,0.4573046060401009,0.0,0,-0.02789545023390848
2024-04-09,509.86834716796875,0.0011560865247801644,0.46209843828057484,0.0,0,-0.030876977042820077
2024-04-10,504.7629699707031,-0.010063596892051052,0.46120556967100124,0.0,0,-0.026749152968572432
2024-04-11,508.5723571777344,0.007518548006545167,0.46082003012531664,0.0,0,-0.03632750960840892
2024-04-12,501.552490234375,-0.0138992323061915,0.450258596564526,0.0,0,-0.03119495468868343
2024-04-15,495.26898193359375,-0.012607255566991604,0.4515486198225834,0.0,0,-0.009420737686233372
2024-04-16,494.36572265625,-0.001825440284131119,0.4598434709377174,0.0,1,0.004201447177798477
2024-04-17,491.4399719238281,-0.005935772817803553,0.4785214112680595,0.0,1,0.009662482335190826
2024-04-18,490.4287414550781,-0.002059808633291027,0.49598379840377904,0.0,1,0.007916192526005618
2024-04-19,486.1481018066406,-0.008766677386466526,0.5195916753588214,0.0,1,0.02611204646388825
2024-04-22,490.6250915527344,0.00916696143545881,0.4890220726296496,0.0,1,0.0204804503396091
2024-04-23,496.4471435546875,0.011796744579901208,0.45880728935641946,0.0,0,-0.007284399583273759
2024-04-24,496.2115173339844,-0.0004747376604115061,0.4762092303662733,0.0,0,-0.010062102521216343
2024-04-25,494.32647705078125,-0.003806098442476369,0.49416442910947933,0.0,1,0.0030539025747391988
2024-04-26,499.0096130371094,0.009429176551416063,0.47019637365708045,0.0,1,0.0059438159215536215
2024-04-29,500.77691650390625,0.0035353653111798167,0.47025287135859295,0.0,1,0.012682244622845094
2024-04-30,492.8439636230469,-0.01596810534298232,0.5095884896977534,0.0,1,0.02975336493582338
2024-05-01,491.2436218261719,-0.003252440598353168,0.5083373779147491,0.0,1,0.033102391450504885
2024-05-02,495.8384094238281,0.009309906653478528,0.4835678839606475,0.0,1,0.02953776893422939
2024-05-03,501.9844665527344,0.012319089898230828,0.4739713017837991,0.0,1,0.01850619006006014
2024-05-06,507.1683349609375,0.010273794012471527,0.4840584791026385,0.0,1,0.008366486113765803
2024-05-07,507.7280578613281,0.0011030149699955416,0.4996600984810917,0.0,1,0.011841270832526533
2024-05-08,507.777099609375,9.658591632799585e-05,0.508166168588993,0.0,1,0.024051590931609766
2024-05-09,510.70281982421875,0.0057452841372036545,0.502330970610491,0.0,1,0.016246674723172604
2024-05-10,511.36077880859375,0.0012875110240617715,0.4959032923432953,0.0,1,0.016395621497263504
2024-05-13,511.4293518066406,0.0001340900661768174,0.49300639862152507,0.0,1,0.017413084179970686
2024-05-14,513.7759399414062,0.004577799688756379,0.47715371438078646,0.0,1,0.015284886572455803
2024-05-15,520.1380004882812,0.012306906015411734,0.45013742774552695,0.0,1,9.434025368337061e-05
2024-05-16,519.0678100585938,-0.002059632071233608,0.45845146709932827,0.0,0,-0.005177053573136301
2024-05-17,519.81396484375,0.0014364577981513804,0.457628241282946,0.0,0,-1.8786945703509673e-05
2024-05-20,520.4129028320312,0.0011515527488841215,0.44539424177884523,0.0,0,-0.0004718201905971431
2024-05-21,521.6892700195312,0.0024496020812421193,0.4303366033509925,0.0,0,-0.009948641443470688
2024-05-22,520.1870727539062,-0.00288364030336119,0.44368502909142793,0.0,0,-0.013720765656284327
2024-05-23,516.3875122070312,-0.007331025898053234,0.479770817827064,0.0,1,0.00267722607476238
2024-05-24,519.80419921875,0.0065947244255850634,0.4501604070494527,0.0,0,-0.0031023340350001733
2024-05-28,520.1674194335938,0.0006985195039908021,0.4416816405691076,0.0,0,-0.0026837042650282414
2024-05-29,516.52490234375,-0.007027219171631849,0.48328375504566157,0.0,1,0.016158729899699197
2024-05-30,513.0984497070312,-0.006655764516175111,0.5027206083352604,0.0,1,0.022795425801417676
2024-05-31,517.7718505859375,0.009066965832993823,0.470401674328697,0.0,1,0.012511968307435813
2024-06-03,518.194091796875,0.0008151643158225141,0.46469709359217765,0.0,1,0.014782150658912866
2024-06-04,518.7733154296875,0.0011171492739618927,0.4639209883450865,0.0,1,0.01607026951121906
2024-06-05,524.9390869140625,0.011815214993096568,0.46868519926250923,0.0,1,0.012434517364115058
2024-06-06,524.9290771484375,-1.9068614457218303e-05,0.471146812151475,0.0,1,0.014465062877733727
2024-06-07,524.2908935546875,-0.0012164916609878063,0.4743427812333374,0.0,1,0.016289684201355153
2024-06-10,525.9110107421875,0.0030853466672988716,0.46898590167156856,0.0,1,0.02113189144184277
2024-06-11,527.177490234375,0.0024052681262682896,0.4661967562756252,0.0,1,0.021264152224277653
2024-06-12,531.5072021484375,0.008179462845992802,0.4611985068361394,0.0,1,0.010364314209651003
2024-06-13,532.577392578125,0.0020114768991623677,0.4395999822455436,0.0,1,0.0070113215469905866
2024-06-14,532.9013671875,0.0006081296626323507,0.43017651590553396,0.0,1,0.003147238268949896
2024-06-17,537.1427612304688,0.007927553907786766,0.4130220225336456,0.0,0,-0.0009369715158158361
2024-06-18,538.5075073242188,0.0025375289087037345,0.3982689430267609,0.0,0,-0.0022270282406430934
2024-06-20,537.0445556640625,-0.002720375168634881,0.411091261099108,0.0,1,0.0020684500731644505
2024-06-21,536.3245849609375,-0.0013415157634977248,0.4120134415065662,0.0,0,-0.000532738257582315
2024-06-24,534.5811767578125,-0.0032559536154082025,0.43009764268370987,0.0,1,0.0047791793451861155
2024-06-25,536.6397094726562,0.0038433441230214527,0.41316063232989014,0.0,1,0.007642994826250588
2024-06-26,537.3095703125,0.0012474721838762193,0.40395988115610953,0.0,1,0.0108481302797662
2024-06-27,538.1565551757812,0.0015751031451731734,0.40081041412439083,0.0,1,0.015022986001590705
2024-06-28,536.0389404296875,-0.003942704094245464,0.43440656450064474,0.0,1,0.020118911813139562
2024-07-01,537.1421508789062,0.002055963987361409,0.42330351777338715,0.0,1,0.019035140364781777
2024-07-02,540.7569580078125,0.006707159604085078,0.410023269261176,0.0,1,0.022174368378771656
2024-07-03,543.1701049804688,0.004452607637391637,0.4090390853696378,0.0,1,0.009061893285295785
2024-07-05,546.3023071289062,0.005749958866998028,0.40152349089765615,0.0,1,0.009599591607209646
2024-07-08,546.9326782226562,0.0011532217173035875,0.3982775339942902,0.0,1,0.011192747762701712
2024-07-09,547.4646606445312,0.0009721925390033803,0.39633138550347,0.0,1,0.016133205478447477
2024-07-10,552.8818359375,0.009846387618074992,0.387404757545388,0.0,0,-0.007833511462914737
2024-07-11,548.1146240234375,-0.008659867456083603,0.44087056793765256,0.0,0,-0.006888243286744216
2024-07-12,551.5718383789062,0.006287657188911666,0.4271453170049528,0.0,0,-0.01983861573742932
2024-07-15,553.0887451171875,0.0027463778727954136,0.41229625411738113,0.0,0,-0.012327982055002863
2024-07-16,556.36865234375,0.0059126502547490745,0.40385648009942304,0.0,0,-0.019810330651071652
2024-07-17,548.5677490234375,-0.014120329323286995,0.46947462113171523,0.0,0,-0.028613374621468592
2024-07-18,544.35205078125,-0.007714599279913692,0.48234011632071655,0.0,0,-0.026122828741338824
2024-07-19,540.7372436523438,-0.006662715261773755,0.48317138415714883,0.0,0,-0.008322419148706019
2024-07-22,546.3121337890625,0.01025701155522274,0.45680887387662206,0.0,0,-0.01799185098856175
2024-07-23,545.4552612304688,-0.0015696983413207022,0.45774286404054043,0.0,0,-0.021501473908046197
2024-07-24,533.0938110351562,-0.02292337329368266,0.48397966503312345,0.0,1,0.017545685549177747
2024-07-25,530.316162109375,-0.0052240533997842675,0.47934459198995083,0.0,1,0.00850756364682348
2024-07-26,536.2556762695312,0.011137694330859205,0.44570178282058315,0.0,0,-0.021424054796195812
2024-07-29,536.5708618164062,0.000587579715366715,0.44882340624967454,0.0,0,-0.05156772796749568
2024-07-30,533.8523559570312,-0.005079321260804903,0.46231444753592593,0.0,0,-0.03731104192403068
2024-07-31,542.5298461914062,0.01612378616354082,0.43673889937683363,0.0,0,-0.0601413358358373
2024-08-01,534.8471069335938,-0.01426217530213858,0.45939721045131066,0.0,0,-0.023025062326268133
2024-08-02,524.8890991210938,-0.018793924112159743,0.4850082581559493,0.0,1,0.00016882721748788865
2024-08-05,509.6024475097656,-0.02955609345593313,0.5124658841194865,0.0,1,0.03025017237247138
2024-08-06,514.30078125,0.009177364782660291,0.47784501190328754,0.0,1,0.037384781833343386
2024-08-07,510.8631591796875,-0.006706507748265977,0.48270769631244115,0.0,1,0.04724090423651694
2024-08-08,522.6729125976562,0.022854098207431228,0.43856929267852,0.0,1,0.041381867553745864
2024-08-09,524.9777221679688,0.004399965431595376,0.4412197137352849,0.0,1,0.03922145097192067
2024-08-12,525.2535400390625,0.0005252516990505995,0.46293428177314155,0.0,1,0.04821212242293499
2024-08-13,533.8917236328125,0.016311974243532035,0.44678381929348837,0.0,1,0.030272837375249197
2024-08-14,535.575927734375,0.0031496146549070403,0.45880048161933745,0.0,1,0.03055383682311957
2024-08-15,544.755859375,0.01699506152466057,0.46123935359445684,0.0,1,0.005679349511834532
2024-08-16,545.9772338867188,0.002239548849770401,0.46678994166559307,0.0,1,0.014009059430591518
2024-08-19,551.197509765625,0.009515923150064332,0.4650241488319645,0.0,1,0.00210655825216029
2024-08-20,550.30126953125,-0.001627310804153126,0.46983505553956884,0.0,1,0.005105986580219818
2024-08-21,552.1923828125,0.0034306141027773407,0.46785905462592664,0.0,0,-0.00414692012476829
2024-08-22,547.8585205078125,-0.007879425786624594,0.48868721765696455,0.0,1,0.0038220719794762542
2024-08-23,553.6796875,0.010569258768527767,0.45946370902820627,0.0,1,0.002753636016504001
2024-08-26,552.35986328125,-0.002386578028366948,0.46143733103030793,0.0,0,-0.015653606021100747
2024-08-27,553.1182861328125,0.0013721175239060912,0.4595606675379482,0.0,0,-0.01907455773278334
2024-08-28,549.9072265625,-0.005822292602210233,0.47141166961243486,0.0,0,-0.015687443741295097
2024-08-29,549.9564819335938,8.956631761947165e-05,0.4701256258726661,0.0,0,-0.03275027339356895
2024-08-30,555.2064208984375,0.009500822805555309,0.44834015428657753,0.0,0,-0.03111731140704866
2024-09-03,543.78076171875,-0.020793820065971858,0.5256757930820186,0.0,0,-0.005976990260976978
2024-09-04,542.6677856445312,-0.0020488341877760163,0.5222263879243055,0.0,1,0.006278367546856243
2024-09-05,541.347900390625,-0.0024351786107219553,0.5060354586275465,0.0,1,0.017101587967876693
2024-09-06,532.2369995117188,-0.016973263334654654,0.512784680880566,0.0,1,0.03928391122245738
2024-09-09,538.1959228515625,0.01113378479207583,0.4726659116981464,0.0,1,0.029626066814104377
2024-09-10,540.540283203125,0.00434650108010004,0.45037632594223426,0.0,1,0.02568805012886039
2024-09-11,546.0855712890625,0.010206523620056807,0.4511448382738442,0.0,1,0.012511232642341582
2024-09-12,550.6854248046875,0.008388041810298397,0.46045627943342093,0.0,1,0.021043685698377744
2024-09-13,553.5614624023438,0.005209059919926595,0.4670186914768928,0.0,1,0.014104296406091673
2024-09-16,554.3790893554688,0.0014759403837221186,0.4746164842580267,0.0,1,0.01512426646250598
2024-09-17,554.6055908203125,0.00040848439485685617,0.4717802634539799,0.0,1,0.01757298673684574
2024-09-18,552.960693359375,-0.0029702938664621925,0.4740778032536865,0.0,1,0.018335335198090313
2024-09-19,562.3966674804688,0.0169204948663344,0.4649679485333802,0.0,1,0.005371627522644289
2024-09-20,561.4243774414062,-0.00173032937235984,0.4647602308461404,0.0,1,0.005650656770873882
2024-09-23,562.827392578125,0.0024959104401371945,0.46163737517692316,0.0,1,0.007153981138545592
2024-09-24,564.4378051757812,0.002857204669195923,0.4520723293604898,0.0,0,-0.004702016568147995
2024-09-25,563.1929321289062,-0.002207945405217515,0.4560976690593893,0.0,0,-0.0020721866014058845
2024-09-26,565.42578125,0.0039567871908881,0.4465411200536077,0.0,0,-0.007858789728885169
2024-09-27,564.6057739257812,-0.0014513001241294177,0.4451378840600314,0.0,1,0.0026388585196436354
2024-09-30,566.8682861328125,0.003999234807808172,0.4323218585634662,0.0,0,-0.010441975307548448
2024-10-01,561.7900390625,-0.008998793037497066,0.47483752044363875,0.0,1,0.007969900192506417
2024-10-02,562.027099609375,0.00042188456152381093,0.4718083295638535,0.0,1,0.014450616368548767
2024-10-03,560.9996337890625,-0.0018298159365901512,0.4714551654719274,0.0,1,0.0145288987570005
2024-10-04,566.09765625,0.009046348124399195,0.4538792665819342,0.0,1,0.011452939733945948
2024-10-07,560.9798583984375,-0.009081599019384434,0.4852994255591373,0.0,1,0.028679576478332764
2024-10-08,566.2853393554688,0.009413082462558009,0.4758886368065923,0.0,1,0.011466427255407282
2024-10-09,570.2077026367188,0.006902600737566544,0.4751149535997106,0.0,1,0.008900910274018637
2024-10-10,569.2098388671875,-0.0017515335481386174,0.4808217119279665,0.0,1,0.010738162233198399
2024-10-11,572.618408203125,0.0059703891013436206,0.4806902247955185,0.0,1,0.008606948976072535
2024-10-14,577.3014526367188,0.008145037725003412,0.4730230758117144,0.0,0,-0.0011815394973734917
2024-10-15,572.8159790039062,-0.007800066760367486,0.48923889292790773,0.0,1,0.0060872312365617765
2024-10-16,575.3057250976562,0.004337083756177584,0.48983891068459845,0.0,0,-0.007429334267229184
2024-10-17,575.3550415039062,8.571841104121347e-05,0.46976546943403197,0.0,0,-0.005354614343753447
2024-10-18,577.5681762695312,0.0038391758442184454,0.4665664281087445,0.0,0,-0.009539082806092577
2024-10-21,576.6197509765625,-0.001643450748442632,0.4623636680886851,0.0,0,-0.004808980695099328
2024-10-22,576.3134765625,-0.0005312960264332034,0.45577085611791307,0.0,0,-0.0026607225307005208
2024-10-23,571.0474243164062,-0.009179481747612961,0.4776217249266602,0.0,1,0.0034889744966106018
2024-10-24,572.282470703125,0.0021604383345170675,0.4651588486645215,0.0,0,-0.018469315212274438
2024-10-25,572.0848999023438,-0.0003452926181211069,0.45872039400719034,0.0,0,-0.01391244747717264
2024-10-28,573.8534545898438,0.0030866513625502634,0.4523175184937208,0.0,0,-0.019155358593028554
2024-10-29,574.7821044921875,0.001616962137966027,0.4513116961761201,0.0,0,-0.008753073500598755
2024-10-30,573.0432739257812,-0.003029784720301798,0.46055040528262353,0.0,1,0.018838260731547804
2024-10-31,561.809814453125,-0.01979785137436796,0.4728431003780035,0.0,1,0.046338451426244584
2024-11-01,564.180908203125,0.004211575116980448,0.45331471205933827,0.0,1,0.0464491134837707
2024-11-04,562.9656982421875,-0.002156259753304468,0.4406912994782403,0.0,1,0.049557927678402884
2024-11-05,569.77294921875,0.012019247230395713,0.4348318750545433,0.0,1,0.03442754962782192
2024-11-06,583.9407348632812,0.024561549511844305,0.46044046777178965,0.0,1,0.010351695697666162
2024-11-07,588.455810546875,0.007702339320328377,0.46378943845362103,0.0,0,-0.003801534023010792
2024-11-08,591.0047607421875,0.00432223717450686,0.46326250080406783,0.0,0,-0.021015163560920206
2024-11-11,591.5679931640625,0.0009525544413273579,0.45051123845789887,0.0,0,-0.017878808512863453
2024-11-12,589.7304077148438,-0.003111130820185437,0.4562203838790693,0.0,0,-0.011118863973905489
2024-11-13,590.0169067382812,0.0004856955816885389,0.444035755889786,0.0,0,-0.011265747643711087
2024-11-14,586.2230224609375,-0.006450890400348186,0.4599951314372415,0.0,1,0.0005389670262464219
2024-11-15,578.7142944335938,-0.012891392363401977,0.4919683177680004,0.0,1,0.01652509191437464
2024-11-18,581.08544921875,0.004088909489383674,0.4702423593124992,0.0,1,0.01582247713525279
2024-11-19,583.2095947265625,0.003648813718772459,0.4553761695049594,0.0,1,0.01738156597089278
2024-11-20,583.4072265625,0.0003388119118836741,0.4594333496884749,0.0,1,0.014008073571440079
2024-11-21,586.5390625,0.005353824269608509,0.4463914717486756,0.0,1,0.014847209151405883
2024-11-22,588.3570556640625,0.0030947325247261404,0.4404308432608837,0.0,1,0.013543338447340701
2024-11-25,590.352783203125,0.003386294710261417,0.4356660337368127,0.0,1,0.01062065148432687
2024-11-26,593.435302734375,0.0052079025544129465,0.4241765446838569,0.0,1,0.011602980786575911
2024-11-27,591.6371459960938,-0.0030346804875689415,0.4397498695480853,0.0,1,0.012990872787448796
2024-11-29,595.3125,0.006192959849574464,0.4342840097527469,0.0,1,0.00869161301068999
2024-12-02,596.3795776367188,0.001790861820660794,0.43381694264211795,0.0,1,0.0017378050394928845
2024-12-03,596.6561279296875,0.0004636077472479627,0.4412660096413153,0.0,0,-0.0018398368719479913
2024-12-04,600.3610229492188,0.00619023185666201,0.4421096757234941,0.0,0,-0.00032914081580690213
2024-12-05,599.3731689453125,-0.0016467884866964155,0.4332186557304422,0.0,0,-0.003848178937220451
2024-12-06,600.50927734375,0.0018937000728156406,0.4289711181241887,0.0,0,-0.005940418244474197
2024-12-09,597.4168701171875,-0.00516294615053603,0.4467171367012735,0.0,1,0.0034833751016097097
2024-12-10,595.5593872070312,-0.0031140341641933134,0.4553497496717975,0.0,1,0.002468857785518518
2024-12-11,600.1634521484375,0.0077009279128033015,0.4374767789968184,0.0,0,-0.03548873838675344
2024-12-12,597.0711059570312,-0.005165826608110713,0.4565822853928626,0.0,0,-0.030630011420978865
2024-12-13,596.9525756835938,-0.00019853923443768906,0.4575948753072919,0.0,0,-0.018492052699855578
2024-12-16,599.5015258789062,0.004260847195547868,0.4493830009151473,0.0,0,-0.01678248926561675
2024-12-17,597.0315551757812,-0.004128551480284237,0.46669743006055264,0.0,0,-0.0016002754402683035
2024-12-18,579.2379150390625,-0.03025666825946871,0.49325570893652065,0.0,1,0.02872315197941155
2024-12-19,579.06005859375,-0.000307099642335551,0.47516648876111084,0.0,1,0.018447849287403548
2024-12-20,586.01513671875,0.01193941948668531,0.43497490609114664,0.0,0,-0.004968750427434582
2024-12-23,589.5243530273438,0.005970410629786649,0.43396541043823705,0.0,0,-0.014583867959245966
2024-12-24,596.076904296875,0.011053662345063664,0.4383903252807882,0.0,0,-0.028097658611501892
2024-12-26,596.11669921875,6.675916021148254e-05,0.445760248506416,0.0,0,-0.015738488770401442
2024-12-27,589.8416137695312,-0.010582402334343932,0.4676158543394746,0.0,1,0.0005879914809267378
2024-12-30,583.110595703125,-0.011477180228152584,0.47108546118061795,0.0,1,0.0006966612130045335
2024-12-31,580.9891967773438,-0.0036447069020244527,0.4674154542032675,0.0,1,0.005801232993729878
2025-01-02,579.5616455078125,-0.002460128307191667,0.46957119425875415,0.0,0,-0.007123700038782429
2025-01-03,586.8081665039062,0.012425929001310898,0.44250163082003574,0.0,0,-0.01800036406391786
2025-01-06,590.1885375976562,0.0057440779169848355,0.44202033301481375,0.0,0,-0.02236941192722831
2025-01-07,583.5169677734375,-0.01136851049607479,0.4686073392770492,0.0,1,0.00702563770320015
2025-01-08,584.3694458007812,0.001459864878699868,0.4705326127193193,0.0,1,0.003640729541393768
2025-01-10,575.4476928710938,-0.015385061339703299,0.4822573107227927,0.0,1,0.029015655961316347
2025-01-13,576.3399047851562,0.0015492649761759125,0.4755363122784119,0.0,1,0.036578233244086884
2025-01-14,577.1329345703125,0.001375030053673676,0.4701776682508796,0.0,1,0.0408089568600174
2025-01-15,587.6309814453125,0.018026539134353925,0.45073047728767285,0.0,1,0.02822576311994928
2025-01-16,586.5008544921875,-0.0019250432831059427,0.4676582712023535,0.0,1,0.027227227031449044
2025-01-17,592.3892822265625,0.009989865080218152,0.4847965456433707,0.0,1,0.0029909769919609194
2025-01-21,597.8117065429688,0.0091118422589469,0.4931925010081583,0.0,1,0.00243481844702825
2025-01-22,601.1723022460938,0.005605753669604141,0.4978203121443639,0.0,0,-0.007664014533283785
2025-01-23,604.45361328125,0.005443345394286148,0.48530672929681157,0.0,0,-0.00775453263344519
2025-01-24,602.6890258789062,-0.0029235793716066993,0.48373172867989195,0.0,0,-0.010167104493238443
2025-01-27,594.1637573242188,-0.014246384959268887,0.51195263366331,0.0,0,-0.0026730702373293693
2025-01-28,599.26904296875,0.008555683714013718,0.4902701922071683,0.0,0,-0.004542802228225329
2025-01-29,596.58251953125,-0.004493079310707415,0.4926928098609467,0.0,1,0.0039965423755894385
2025-01-30,599.7844848632812,0.005352827294124118,0.48862278890018224,0.0,1,0.0021132917438855046
2025-01-31,596.5924682617188,-0.005336151231399633,0.4969606758863152,0.0,0,-0.001746357604743216
2025-02-03,592.57763671875,-0.0067523507033602215,0.5071934574208323,0.0,1,0.011774415661655888
2025-02-04,596.5528564453125,0.006685951723117256,0.48580979956465437,0.0,1,0.0058487779465750825
2025-02-05,598.9715576171875,0.004046265293107254,0.474814686020377,0.0,0,-0.0014242500023826721
2025-02-06,601.0533447265625,0.00346957666242087,0.47681365006542015,0.0,1,0.005608423232688075
2025-02-07,595.551513671875,-0.009195800580029001,0.49802501694629947,0.0,1,0.014754944815929595
2025-02-10,599.5961303710938,0.006768422563039778,0.48800872241850796,0.0,1,0.010918129853959353
2025-02-11,600.0521850585938,0.0007603140080361115,0.4853965171406321,0.0,1,0.01250994834076613
2025-02-12,598.1190795898438,-0.0032267626558502016,0.4866895309336774,0.0,1,0.011567617178024915
2025-02-13,604.4337768554688,0.010502249897490934,0.4942802835964622,0.0,0,-0.016186678106291583
2025-02-14,604.4039916992188,-4.9278996786306095e-05,0.5017379253971049,0.0,0,-0.020698156743455754
2025-02-18,606.178466796875,0.0029316076010683645,0.5074584170074347,0.0,0,-0.02861542023142944
2025-02-19,607.60595703125,0.002352132494843673,0.4969112774086972,0.0,0,-0.03046278233506295
2025-02-20,605.0780639648438,-0.004169093818592096,0.491341323504255,0.0,0,-0.04238452114046032
2025-02-21,594.728759765625,-0.01725204538682501,0.4712112123365495,0.0,0,-0.009647336008430039
2025-02-24,592.0225219726562,-0.004560757633950807,0.45785262212055317,0.0,0,-0.022761819462844342
2025-02-25,589.0782470703125,-0.004985655886905249,0.45118400919356705,0.0,0,-0.029683626406650135
2025-02-26,589.3756713867188,0.0005047703912106627,0.45677856423751384,0.0,0,-0.019497843683086144
2025-02-27,579.968017578125,-0.01609083262398947,0.4788804373883223,0.0,0,-0.02131768762559204
2025-02-28,589.018798828125,0.015485139745204712,0.45094967880215214,0.0,0,-0.031213631828437137
2025-03-03,578.69921875,-0.017675241088364935,0.4695777627625995,0.0,0,-0.040535035425827495
2025-03-04,571.8492431640625,-0.011907462830711424,0.4984698565327803,0.0,0,-0.03697521824931391
2025-03-05,577.9954223632812,0.010690553114774737,0.4657783795125678,0.0,0,-0.042373278870961005
2025-03-06,567.7352905273438,-0.01791067656649492,0.49254422954837884,0.0,0,-0.037882659996782565
2025-03-07,570.9173583984375,0.005589195542359704,0.4867871286120055,0.0,0,-0.02302661818537058
2025-03-10,555.710693359375,-0.02699664468575591,0.5213844037106483,0.0,1,0.01165176219248171
2025-03-11,551.0911254882812,-0.008347645654197322,0.5350933344091434,0.0,1,0.009132201645762634
2025-03-12,554.0155029296875,0.005292492493127021,0.5104151874001703,0.0,1,0.014671632635571539
2025-03-13,546.6302490234375,-0.01342005769231669,0.5353369504296495,0.0,1,0.0251957872282991
2025-03-14,557.9212646484375,0.020445237353771795,0.47276430455644597,0.0,1,0.005080398751214833
2025-03-17,562.2235717773438,0.007681735692097291,0.4574445252098322,0.0,1,0.015148688600689615
2025-03-18,556.1468505859375,-0.010867206200916968,0.49779975903578705,0.0,1,0.028416861724014357
2025-03-19,562.2037353515625,0.010831923482936823,0.4738056690378822,0.0,1,0.0055748327239548015
2025-03-20,560.5780029296875,-0.0028959030995894253,0.48025139344363743,0.0,1,0.005811480794362636
2025-03-21,560.762939453125,0.0003298488766869667,0.4957784713868298,0.0,0,-0.014862159081267083
2025-03-24,570.8053588867188,0.0177500255415719,0.46411049337815036,0.0,0,-0.025921846495495254
2025-03-25,572.177490234375,0.002400966922408543,0.4737548721261346,0.0,0,-0.02550240538699979
2025-03-26,565.3466796875,-0.012010105517123115,0.5082227937156141,0.0,0,-0.007183852620371326
2025-03-27,563.8452758789062,-0.0026592550291821837,0.5123405900278428,0.0,0,-0.05506102918493739
2025-03-28,552.4904174804688,-0.020343790998942346,0.5108431053013474,0.0,0,-0.09504385985735886
2025-03-31,556.1991577148438,0.0066903381273437645,0.49872970116953397,0.0,0,-0.10351697820771197
2025-04-01,557.7700805664062,0.002820408030903998,0.49315490344465085,0.0,0,-0.1221241021055058
2025-04-02,561.2998657226562,0.006308447249504745,0.4981879468663881,0.0,0,-0.028569708421038717
2025-04-03,533.6386108398438,-0.050536431593747544,0.5042331020306612,0.0,0,-0.022841290648071565
2025-04-04,502.3977966308594,-0.060326621671363156,0.5516555176815736,-0.060326621671363156,1,0.055170804275102216
2025-04-07,501.5029296875,-0.0017827802230101497,0.5348654409930773,0.0,1,0.06660817620677921
2025-04-08,493.64801025390625,-0.015786715866889622,0.5368527356007021,0.0,1,0.07959006950982161
2025-04-09,545.4906005859375,0.09986284093397213,0.3542176861444297,0.0,0,-0.04275143240300456
2025-04-10,521.5877685546875,-0.0448080138207807,0.42282594799299367,0.0,1,0.0034822364793546034
2025-04-11,530.8943481445312,0.017685473251810357,0.442882398962117,0.0,0,-0.03829378032605264
2025-04-14,536.0447387695312,0.009654591708667226,0.4220093187082076,0.0,0,-0.022263275884158645
2025-04-15,534.5433349609375,-0.002804822563847509,0.4470516676945779,0.0,0,-0.004081871820427324
2025-04-16,522.6615600585938,-0.022478660978854315,0.4759342041744911,0.0,1,0.039227284116732354
2025-04-17,523.4072265625,0.0014256550615794339,0.4496238342645794,0.0,1,0.045000881053231204
2025-04-21,510.94873046875,-0.024090543553596966,0.4688297399668091,0.0,1,0.06947272476472048
2025-04-22,524.2424926757812,0.025685096150560582,0.41334935580527893,0.0,1,0.05006720617443471
2025-04-23,532.3658447265625,0.015376581499883635,0.39572861863925074,0.0,1,0.035087548250827626
2025-04-24,543.5715942382812,0.02083049495830558,0.4076441933794881,0.0,1,0.021318921909652726
2025-04-25,547.4990234375,0.00719925199807836,0.42388559057472486,0.0,1,0.028854745897379915
2025-04-28,547.7078247070312,0.00038130015789228366,0.445732459480522,0.0,1,0.022722620340866362
2025-04-29,551.1580200195312,0.006279577560275307,0.4490189612981055,0.0,1,0.008049531125413813
2025-04-30,551.3768310546875,0.0003969235762761869,0.4500533703341024,0.0,1,0.011849254324011222
2025-05-01,555.2843627929688,0.007061868617131317,0.44625766845876935,0.0,1,0.011731054085095515
2025-05-02,563.527099609375,0.014735075985804258,0.4390435907102489,0.0,0,-0.00427890584133624
2025-05-05,560.295654296875,-0.005750825398621373,0.47951861031816884,0.0,1,0.03398497699137986
2025-05-06,555.6124877929688,-0.008393511655176766,0.5049552908766137,0.0,1,0.04896060336749146
2025-05-07,557.9490966796875,0.004196646774873969,0.4950781405983577,0.0,1,0.04604118181971914
2025-05-08,561.8367919921875,0.006943668378214696,0.4504439076584299,0.0,1,0.043969996607294067
2025-05-09,561.1209716796875,-0.001274883940626026,0.4904270120643703,0.0,1,0.05155898758947884
2025-05-12,579.66455078125,0.032513057434094605,0.45732448924600133,0.0,1,0.02013915199013482
2025-05-13,583.4925537109375,0.0065821147209339514,0.4510558716010871,0.0,1,0.010189188980118878
2025-05-14,584.23828125,0.0012772252271018303,0.4642839291290085,0.0,0,-0.008082377354060524
2025-05-15,587.0919189453125,0.004872483165789809,0.46178144458680853,0.0,0,-0.012560314017080187
2025-05-16,590.8106079101562,0.006314107041558437,0.4533751593319858,0.0,0,-0.025723594679901242
2025-05-19,591.4568481445312,0.0010932218347505795,0.46352809715700605,0.0,0,-0.006239376153209885
2025-05-20,589.46826171875,-0.003367848289081543,0.4674575517779219,0.0,0,-0.008673801362746807
2025-05-21,579.5352783203125,-0.016994341107078093,0.5031245096573471,0.0,1,0.012260258208929292
2025-05-22,579.7639770507812,0.00039454650277104264,0.4776823426159499,0.0,1,0.010746511234668703
2025-05-23,575.806640625,-0.006849173621263027,0.4775715837951404,0.0,1,0.02321286291819327
2025-05-27,587.7780151367188,0.020577440361441823,0.4440793172601353,0.0,1,0.008321840548622665
2025-05-28,584.37744140625,-0.005802273498618504,0.4545827954701317,0.0,1,0.013855609324934792
2025-05-29,586.6842651367188,0.003939718464597952,0.45662664296715044,0.0,1,0.005071368242985344
2025-05-30,586.0280151367188,-0.001119200471490167,0.45383319418298007,0.0,1,0.0164072112402766
2025-06-02,589.3291015625,0.005617178062261807,0.4415097010824196,0.0,1,0.011690930034239773
2025-06-03,592.6898193359375,0.0056864179918711955,0.4381683862454038,0.0,1,0.01165820589754635
2025-06-04,592.5307006835938,-0.0002685047223058845,0.44353147386709185,0.0,1,0.009070582517020144
2025-06-05,589.6671142578125,-0.0048445226173514655,0.4568057971624705,0.0,1,0.01788151276445728
2025-06-06,595.722412109375,0.010216642525801234,0.44891581837687977,0.0,0,-0.0035782047305737844
2025-06-09,596.2593383789062,0.0009008968562245201,0.4637644240458163,0.0,1,0.004990132168443533
2025-06-10,599.6399536132812,0.005653693855178332,0.4557660162675074,0.0,0,-0.009245415814381359
2025-06-11,597.9297485351562,-0.0028561281028327556,0.4541565899976674,0.0,0,-0.006539903814914275
2025-06-12,600.3060913085938,0.003966407630086266,0.44877980308612964,0.0,0,-0.012857670021216641
2025-06-13,593.5946044921875,-0.011243074969230271,0.4605247580861327,0.0,1,0.008214421541300504
2025-06-16,599.2421875,0.009469233755242001,0.45302917205122384,0.0,1,0.009731891888717054
2025-06-17,594.12158203125,-0.008581854127646338,0.458461323117395,0.0,1,0.018873907950578903
2025-06-18,594.0321044921875,-0.00015061610336530862,0.45783218607888776,0.0,1,0.026817916971492786
2025-06-20,592.636962890625,-0.002351358576216711,0.4570938884916367,0.0,1,0.034125284229633714
2025-06-23,598.49072265625,0.009829016593287498,0.4570793232039194,0.0,1,0.029066083078199585
2025-06-24,605.1024169921875,0.010986704102657896,0.47744495822539434,0.0,1,0.017755696775131995
2025-06-25,605.4414672851562,0.0005601619342154862,0.468781701431834,0.0,1,0.02171856569669434
2025-06-26,610.1783447265625,0.00779339291754777,0.4750957046882319,0.0,1,0.021775628374601636
2025-06-27,613.2098999023438,0.004956008681924473,0.46288799422070054,0.0,1,0.009339803796187006
2025-06-30,616.1417846679688,0.004769815441854064,0.4546826647984683,0.0,1,0.004022067645414294
2025-07-01,615.9423828125,-0.0003236822004097917,0.4416709928735599,0.0,1,0.010324456985121628
2025-07-02,618.734619140625,0.004523030855777321,0.4252772738150469,0.0,1,0.008617784955774317
2025-07-03,623.611083984375,0.00785045559545594,0.4086565823706203,0.0,0,-0.0027543357401747597
2025-07-07,618.9639892578125,-0.007479815896489939,0.4397524604525079,0.0,1,0.006631869804034547
2025-07-08,618.6249389648438,-0.0005479207089198468,0.4316428726065202,0.0,1,0.0028973675168474694
2025-07-09,622.3345947265625,0.005978707139298045,0.41240497552077765,0.0,1,0.0002563338952262247
2025-07-10,624.0897827148438,0.0028163588264300543,0.40225283273810153,0.0,1,0.0035409792083258788
2025-07-11,621.8958129882812,-0.00352166510049301,0.41965598772758567,0.0,1,0.006330016796553173
2025-07-14,623.08251953125,0.0019063896477193865,0.4087711820583296,0.0,1,0.006317998818101744
2025-07-15,620.419921875,-0.004282422996106483,0.43077887684789506,0.0,1,0.010743501140452897
2025-07-16,622.494140625,0.0033376735176764427,0.41822100502780657,0.0,1,0.015877392333418165
2025-07-17,626.3035888671875,0.006101004139529742,0.4065296816247474,0.0,1,0.010107345201059414
2025-07-18,625.8449096679688,-0.0007326275122663262,0.41434577753407437,0.0,1,0.015055433060023096
2025-07-21,627.0316162109375,0.0018943716692678692,0.4169501584678449,0.0,1,0.012909910360619213
2025-07-22,627.121337890625,0.00014307932624468833,0.41418141073292075,0.0,1,0.010125737234456908
2025-07-23,632.4566040039062,0.008471564710641921,0.4102684895919352,0.0,1,0.0003940483315947419
2025-07-24,632.6659545898438,0.00033095700717122867,0.41237603359182967,0.0,0,-0.0036951728913678255
2025-07-25,635.3385620117188,0.004215460346697952,0.4095448386655029,0.0,0,-0.02443687374890385
2025-07-28,635.1790161132812,-0.0002511510301363984,0.4016333779637977,0.0,0,-0.009100286454684928
2025-07-29,633.503662109375,-0.0026410937999177264,0.41032363807869654,0.0,0,-0.01154205315124443
2025-07-30,632.7058715820312,-0.0012601241922203243,0.4106029961845912,0.0,0,-0.002651431105042178
2025-07-31,630.3324584960938,-0.003758264215790952,0.42187326333025127,0.0,1,0.0002688610468829822
2025-08-01,620.0010375976562,-0.01652624051083862,0.46246367317680664,0.0,1,0.024562425614116746
2025-08-04,629.4249267578125,0.015085436264082652,0.4409533192317889,0.0,1,0.007497545700533074
2025-08-05,626.2337646484375,-0.005082860496476549,0.4377614532313892,0.0,1,0.023170224247787048
2025-08-06,631.030517578125,0.0076304978539818435,0.4479353704221877,0.0,1,0.018956979209406092
2025-08-07,630.501953125,-0.0008379720638664878,0.4451323158896732,0.0,1,0.0198879554957313
2025-08-08,635.4183349609375,0.007767324056395353,0.45673616812934686,0.0,1,0.009776661511265407
2025-08-11,634.1618041992188,-0.0019794436495015333,0.45860817007937565,0.0,1,0.011538445648448067
2025-08-12,640.9131469726562,0.010589818050777744,0.46990114875348993,0.0,0,-0.00449128684560521
2025-08-13,643.1070556640625,0.003417252815601124,0.4630086806629672,0.0,0,-0.010569134459828886
2025-08-14,643.1668701171875,9.30042224585037e-05,0.45269451766336793,0.0,0,-0.01468204784265616
2025-08-15,641.6610717773438,-0.0023439699280709547,0.453029296054716,0.0,1,0.0029020033803478754
2025-08-18,641.5214233398438,-0.00021765951231778047,0.4423057784404273,0.0,0,-0.0012911389233712497
2025-08-19,638.0410766601562,-0.005439914443276628,0.45394244899803937,0.0,1,0.008327085429070912
2025-08-20,636.3457641601562,-0.002660594798622462,0.4516022346842768,0.0,1,0.013263603153690559
2025-08-21,633.7928466796875,-0.004019909160368762,0.45528049727267944,0.0,1,0.020818634871843166
2025-08-22,643.52587890625,0.015240081294933816,0.43987549926309627,0.0,0,-0.0004029823785795277
2025-08-25,640.6936645507812,-0.004410801816037591,0.45180587037514336,0.0,0,-0.0034300515739057926
2025-08-26,643.3762817382812,0.0041783099091663445,0.4536754569155381,0.0,0,-0.0022034342720622982
2025-08-27,644.8422241210938,0.002275922925996987,0.44674647123735906,0.0,1,0.0038433039655303776
2025-08-28,647.1258544921875,0.0035351225577837653,0.4428299939773085,0.0,0,-0.002592272302725704
2025-08-29,643.2666015625,-0.0059815359554891145,0.47155459713350895,0.0,1,0.005842879928328372
2025-09-02,638.4998168945312,-0.007437871011363839,0.4750432384922655,0.0,1,0.015589931377957682
2025-09-03,641.960205078125,0.0054049272110097135,0.4668961017934282,0.0,1,0.013071696323332705
2025-09-04,647.3253173828125,0.008322661163590261,0.47120472076690434,0.0,1,0.013024924096901157
2025-09-05,645.4505004882812,-0.002900453710472206,0.4771511399128719,0.0,1,0.015590742028763196
2025-09-08,647.0361328125,0.0024536162755648405,0.4783074010706238,0.0,1,0.01844688416313607
2025-09-09,648.531982421875,0.0023091804382655567,0.4796992111634972,0.0,1,0.014759885724508088
2025-09-10,650.4067993164062,0.00288669215638393,0.47511355321481386,0.0,1,0.010630065143539171
2025-09-11,655.8118286132812,0.008275888937158804,0.46907067669255664,0.0,1,0.007015747090540788
2025-09-12,655.5924072265625,-0.0003346357786098153,0.45516002508259334,0.0,1,0.012290993153251252
2025-09-15,659.0827026367188,0.005309758409937082,0.4441297365451747,0.0,1,0.011701153551603156
2025-09-16,658.1752319335938,-0.0013778180003622964,0.43864357984091074,0.0,1,0.007620509445298075
2025-09-17,657.3575439453125,-0.0012431284245844054,0.4396371478679871,0.0,1,0.005677000034065218
2025-09-18,660.4290161132812,0.004661570884159971,0.42702531123170406,0.0,0,-0.003608750530148822
2025-09-19,663.7000122070312,0.004940610284100089,0.4185999409084268,0.0,0,-0.0028366318361539335
2025-09-22,666.8400268554688,0.0047199188082895915,0.4030545552126951,0.0,0,-0.004750082787222215
2025-09-23,663.2100219726562,-0.005458462106667561,0.435568705499437,0.0,1,0.0044681780539810746
2025-09-24,661.0999755859375,-0.0031866378358165193,0.4462802509826851,0.0,1,0.011056540280751202
2025-09-25,658.0499877929688,-0.004624179680054574,0.45896993651931384,0.0,1,0.016831913589970503
2025-09-26,661.8200073242188,0.005712728978095605,0.43731782443102407,0.0,1,0.011104318342405153
2025-09-29,663.6799926757812,0.002806467857221051,0.4295859864868142,0.0,1,0.011877698531631965
2025-09-30,666.1799926757812,0.003759798734535913,0.43012530905068114,0.0,1,0.004403515643029013
2025-10-01,668.4500122070312,0.003401724390952765,0.4281362946895786,0.0,1,0.006947124086643704
2025-10-02,669.219970703125,0.0011511936291652702,0.4225010983044923,0.0,1,0.002894707287990622
2025-10-03,669.2100219726562,-1.4866269469671067e-05,0.4228816605499086,0.0,0,-0.024490158462638936
2025-10-06,671.6099853515625,0.003579848046447509,0.416628047263257,0.0,0,-0.012842506045225006
2025-10-07,669.1199951171875,-0.0037143841540672184,0.4359287834653873,0.0,0,-0.010350510815409171
2025-10-08,673.1099853515625,0.00594533283456844,0.4313701024920979,0.0,0,-0.011866120386425387
2025-10-09,671.1599731445312,-0.002901223169488709,0.4355556535758829,0.0,0,-0.01579843429710315
2025-10-10,653.02001953125,-0.0273997320200996,0.47138836379960986,0.0,1,0.017261561911943574
2025-10-13,663.0399780273438,0.015227500463862675,0.44660416931483654,0.0,1,0.01238082570879243
2025-10-14,662.22998046875,-0.0012223889242513053,0.4330065836055106,0.0,1,0.013588303504731865
2025-10-15,665.1699829101562,0.004429723263551288,0.44413040479649274,0.0,1,0.003946087839035694
2025-10-16,660.6400146484375,-0.0068335370801655415,0.43718346023561344,0.0,1,0.016692064101798708
2025-10-17,664.3900146484375,0.00566026418894694,0.4418405927227708,0.0,1,0.019171132465376474
2025-10-20,671.2999877929688,0.010346764260710906,0.45870532228296607,0.0,1,0.020553014850325135
2025-10-21,671.2899780273438,-1.4911128311645427e-05,0.4618030909549025,0.0,1,0.023220419467665485
2025-10-22,667.7999877929688,-0.0052124924021450525,0.4671221732270842,0.0,1,0.028913128819506338
2025-10-23,671.760009765625,0.005912439182597318,0.4691636474180431,0.0,1,0.011941643640670815
2025-10-24,677.25,0.00813933255252497,0.47207670966984094,0.0,1,0.007077145968678699
2025-10-27,685.239990234375,0.011728646645659424,0.4655354953794442,0.0,0,-0.002776548796247456
2025-10-28,687.0599975585938,0.002652493489028629,0.4496081000606871,0.0,0,-0.017353452329155118
2025-10-29,687.3900146484375,0.0004802169496960218,0.43934177287609205,0.0,0,-0.014374185864071465
2025-10-30,679.8300170898438,-0.011059045996238304,0.47047727044824655,0.0,0,-0.014102503749803354
2025-10-31,682.0599975585938,0.0032748348805329286,0.4549319277404152,0.0,0,-0.016393244014133248
2025-11-03,683.3400268554688,0.0018749518807332777,0.4403213557748506,0.0,0,-0.0027843690569967993
2025-11-04,675.239990234375,-0.011924410043879341,0.4751110239003111,0.0,1,0.011426690800052578
2025-11-05,677.5800170898438,0.0034594834147796405,0.460156151712965,0.0,1,0.008523428775006154
2025-11-06,670.3099975585938,-0.010787363881969547,0.4783192964857627,0.0,1,0.002577541562194951
2025-11-07,670.969970703125,0.0009840946162027464,0.4752403774898154,0.0,1,0.0014297746107384257
2025-11-10,681.4400024414062,0.015483826837869863,0.45047967614796225,0.0,0,-0.023414183184332193
2025-11-11,683.0,0.002286649813170172,0.45478584904860303,0.0,0,-0.034133793884138224
2025-11-12,683.3800048828125,0.0005562213897327695,0.4617115844213827,0.0,0,-0.030834308566099297
2025-11-13,672.0399780273438,-0.016733251094780854,0.4771201664664772,0.0,0,-0.029460669816949857
2025-11-14,671.9299926757812,-0.0001636723352538283,0.4594150870309381,0.0,0,-0.019385056089121274
