t0,proba,kelly_raw,kelly_pos,ret_next,pnl_net
2022-10-17,0.0,-0.5,-0.5,0.009409610220868725,-0.004954805110434363
2022-10-18,0.0,-0.5,-0.5,0.0007650088922175335,-0.00038250444610876677
2022-10-20,0.0,-0.5,-0.5,0.02705894701136824,-0.01352947350568412
2022-10-21,0.0,-0.5,-0.5,0.014802925853812487,-0.007401462926906244
2022-10-24,0.0,-0.5,-0.5,0.019337492156832337,-0.009668746078416168
2022-10-25,0.0,-0.5,-0.5,-0.019626996913600703,0.009813498456800351
2022-10-26,0.0,-0.5,-0.5,-0.030465252183572766,0.015232626091786383
2022-10-27,0.0,-0.5,-0.5,0.07555234905902242,-0.03777617452951121
2022-10-28,0.0,-0.5,-0.5,-0.015410382559017388,0.007705191279508694
2022-10-31,0.0,-0.5,-0.5,-0.01754269101880168,0.00877134550940084
2022-11-01,0.0,-0.5,-0.5,-0.03730504154967329,0.018652520774836645
2022-11-02,0.0,-0.5,-0.5,-0.04240501905422067,0.021202509527110336
2022-11-03,0.0,-0.5,-0.5,-0.001947389784534903,0.0009736948922674515
2022-11-07,0.0,-0.5,-0.5,0.004175258840094731,-0.0020876294200473655
2022-11-08,0.0,-0.5,-0.5,-0.03319031082299306,0.01659515541149653
2022-11-09,0.0,-0.5,-0.5,0.08897481343326397,-0.04448740671663198
2022-11-10,0.0,-0.5,-0.5,0.019268785374738195,-0.009634392687369098
2022-11-11,0.0,-0.5,-0.5,-0.00948554319324979,0.004742771596624895
2022-11-14,0.0,-0.5,-0.5,0.011869406164443985,-0.005934703082221993
2022-11-15,0.0,-0.5,-0.5,-0.008331241464504813,0.004165620732252406
2022-11-16,0.0,-0.5,-0.5,0.012971255137022686,-0.006485627568511343
2022-11-17,0.0,-0.5,-0.5,0.0037817432609561497,-0.0018908716304780748
2022-11-18,0.0,-0.5,-0.5,-0.021680052432982877,0.010840026216491438
2022-11-21,0.0,-0.5,-0.5,0.014661239288516592,-0.007330619644258296
2022-11-22,0.0,-0.5,-0.5,0.005926130624633652,-0.002963065312316826
2022-11-23,0.0,-0.5,-0.5,0.0,-0.0
2022-11-25,0.0,-0.5,-0.5,-0.026264403626247268,0.013132201813123634
2022-11-28,0.0,-0.5,-0.5,-0.02114803430886414,0.01057401715443207
2022-11-29,0.0,-0.5,-0.5,0.04859392479755131,-0.024296962398775657
2022-11-30,0.0,-0.5,-0.5,0.0018915202920561924,-0.0009457601460280962
2022-12-02,0.0,-0.5,-0.5,-0.007983219713319278,0.003991609856659639
2022-12-05,0.0,-0.5,-0.5,-0.02536992776625846,0.01268496388312923
2022-12-06,0.0,-0.5,-0.5,-0.013784958715287843,0.006892479357643921
2022-12-07,0.0,-0.5,-0.5,0.012132597146085056,-0.006066298573042528
2022-12-08,0.0,-0.5,-0.5,-0.003434759102588947,0.0017173795512944734
2022-12-09,0.0,-0.5,-0.5,0.01639005937935134,-0.00819502968967567
2022-12-12,0.0,-0.5,-0.5,0.006782250871957718,-0.003391125435978859
2022-12-13,0.0,-0.5,-0.5,-0.015535683779639875,0.0077678418898199375
2022-12-14,0.0,-0.5,-0.5,-0.04685437576338036,0.02342718788169018
2022-12-15,0.0,-0.5,-0.5,-0.01457876293353233,0.007289381466766165
2022-12-16,0.0,-0.5,-0.5,-0.015909527275504987,0.007954763637752493
2022-12-19,0.0,-0.5,-0.5,-0.0005289702078133951,0.00026448510390669755
2022-12-21,0.0,-0.5,-0.5,-0.02377247969617291,0.011886239848086455
2022-12-22,0.0,-0.5,-0.5,-0.0027982604256908683,0.0013991302128454342
2022-12-27,0.0,-0.5,-0.5,-0.030685218157892047,0.015342609078946023
2022-12-28,0.0,-0.5,-0.5,0.028324372317618973,-0.014162186158809487
2022-12-29,0.0,-0.5,-0.5,0.002468841899562424,-0.001234420949781212
2023-01-03,0.0,-0.5,-0.5,0.010314197280898663,-0.005157098640449331
2023-01-04,0.0,-0.5,-0.5,-0.010604628664410365,0.0053023143322051824
2023-01-05,0.0,-0.5,-0.5,0.036794164096178195,-0.018397082048089097
2023-01-06,0.0,-0.5,-0.5,0.004088871443546749,-0.0020444357217733744
2023-01-09,0.0,-0.5,-0.5,0.0044563654975871,-0.00222818274879355
2023-01-10,0.0,-0.5,-0.5,0.02111211485479103,-0.010556057427395515
2023-01-11,0.0,-0.5,-0.5,-0.000599299735067782,0.000299649867533891
2023-01-13,0.0,-0.5,-0.5,0.0,-0.0
2023-01-17,0.0,-0.5,-0.5,-0.005370021651513901,0.0026850108257569505
2023-01-18,0.0,-0.5,-0.5,0.0004435852999311596,-0.0002217926499655798
2023-01-20,0.0,-0.5,-0.5,0.023500321500174115,-0.011750160750087058
2023-01-23,0.0,-0.5,-0.5,0.010062970601729893,-0.005031485300864946
2023-01-24,0.0,-0.5,-0.5,-0.004700713564367298,0.002350356782183649
2023-01-25,0.0,-0.5,-0.5,0.014803367146455582,-0.007401683573227791
2023-01-26,0.0,-0.5,-0.5,0.013684201700977505,-0.006842100850488753
2023-01-27,0.0,-0.5,-0.5,-0.02007801146578736,0.01003900573289368
2023-01-30,0.0,-0.5,-0.5,0.009020793142448635,-0.004510396571224318
2023-01-31,0.0,-0.5,-0.5,0.007900860941072452,-0.003950430470536226
2023-02-01,0.0,-0.5,-0.5,0.03706266406465053,-0.018531332032325265
2023-02-02,0.0,-0.5,-0.5,0.02439979311931939,-0.012199896559659695
2023-02-03,0.0,-0.5,-0.5,-0.017928793215242322,0.008964396607621161
2023-02-06,0.0,-0.5,-0.5,0.019244529186104753,-0.009622264593052376
2023-02-07,0.0,-0.5,-0.5,-0.017652456076980738,0.008826228038490369
2023-02-08,0.0,-0.5,-0.5,-0.0069115505683164935,0.0034557752841582468
2023-02-09,0.0,-0.5,-0.5,0.0024561247322028024,-0.0012280623661014012
2023-02-13,0.0,-0.5,-0.5,-0.004224681810700126,0.002112340905350063
2023-02-14,0.0,-0.5,-0.5,0.013903236363288052,-0.006951618181644026
2023-02-15,0.0,-0.5,-0.5,-0.010429539509963948,0.005214769754981974
2023-02-16,0.0,-0.5,-0.5,-0.007546480609202599,0.0037732403046012997
2023-02-17,0.0,-0.5,-0.5,0.0,-0.0
2023-02-21,0.0,-0.5,-0.5,0.002895908579610529,-0.0014479542898052644
2023-02-23,0.0,-0.5,-0.5,-0.018005090978436278,0.009002545489218139
2023-02-24,0.0,-0.5,-0.5,0.008247441354377383,-0.004123720677188691
2023-02-27,0.0,-0.5,-0.5,-0.003447823841259523,0.0017239119206297615
2023-02-28,0.0,-0.5,-0.5,-0.014245996376006542,0.007122998188003271
2023-03-01,0.0,-0.5,-0.5,0.004129214262679204,-0.002064607131339602
2023-03-02,0.0,-0.5,-0.5,0.03509000429065834,-0.01754500214532917
2023-03-03,0.0,-0.5,-0.5,0.018539452166175696,-0.009269726083087848
2023-03-06,0.0,-0.5,-0.5,-0.014496533880787976,0.007248266940393988
2023-03-07,0.0,-0.5,-0.5,0.008377252982991301,-0.004188626491495651
2023-03-08,0.0,-0.5,-0.5,-0.014914730734886805,0.007457365367443403
2023-03-09,0.0,-0.5,-0.5,-0.013878681704273532,0.006939340852136766
2023-03-10,0.0,-0.5,-0.5,0.013266220002821738,-0.006633110001410869
2023-03-13,0.0,-0.5,-0.5,0.01408874154410067,-0.007044370772050335
2023-03-14,0.0,-0.5,-0.5,0.002621576084535171,-0.0013107880422675855
2023-03-16,0.0,-0.5,-0.5,-0.005453984883693308,0.002726992441846654
2023-03-17,0.0,-0.5,-0.5,0.01548378929447014,-0.00774189464723507
2023-03-20,0.0,-0.5,-0.5,0.011944119425488564,-0.005972059712744282
2023-03-21,0.0,-0.5,-0.5,-0.009103298826669937,0.004551649413334968
2023-03-22,0.0,-0.5,-0.5,0.006969466210056341,-0.0034847331050281705
2023-03-23,0.0,-0.5,-0.5,0.008305377511503398,-0.004152688755751699
2023-03-24,0.0,-0.5,-0.5,-0.012293310551267367,0.006146655275633683
2023-03-27,0.0,-0.5,-0.5,-0.003980224895640538,0.001990112447820269
2023-03-28,0.0,-0.5,-0.5,0.019790719392654754,-0.009895359696327377
2023-03-29,0.0,-0.5,-0.5,0.009889906913209234,-0.004944953456604617
2023-03-30,0.0,-0.5,-0.5,0.01564424043542778,-0.00782212021771389
2023-03-31,0.0,-0.5,-0.5,0.007701587155838574,-0.003850793577919287
2023-04-03,0.0,-0.5,-0.5,-0.0032494463305329235,0.0016247231652664618
2023-04-04,0.0,-0.5,-0.5,-0.011290457238565033,0.005645228619282516
2023-04-05,0.0,-0.5,-0.5,0.005496043052793276,-0.002748021526396638
2023-04-06,0.0,-0.5,-0.5,0.0,-0.0
2023-04-10,0.0,-0.5,-0.5,-0.007591033182640428,0.003795516591320214
2023-04-11,0.0,-0.5,-0.5,-0.004353205985451636,0.002176602992725818
2023-04-12,0.0,-0.5,-0.5,0.03410348540019892,-0.01705174270009946
2023-04-13,0.0,-0.5,-0.5,-0.0021139307119361073,0.0010569653559680536
2023-04-18,0.0,-0.5,-0.5,0.006968037999413701,-0.0034840189997068505
2023-04-19,0.0,-0.5,-0.5,-0.005846136234661681,0.0029230681173308404
2023-04-20,0.0,-0.5,-0.5,-0.009780893630904397,0.0048904468154521985
2023-04-21,0.0,-0.5,-0.5,0.0018784467175307906,-0.0009392233587653953
2023-04-25,0.0,-0.5,-0.5,-6.103930789913559e-05,3.051965394956779e-05
2023-04-27,0.0,-0.5,-0.5,0.007540885607271841,-0.0037704428036359205
2023-04-28,0.0,-0.5,-0.5,-0.000530310659699551,0.0002651553298497755
2023-05-02,0.0,-0.5,-0.5,-0.006467367474611629,0.0032336837373058147
2023-05-03,0.0,-0.5,-0.5,-0.009912983206722181,0.004956491603361091
2023-05-04,0.0,-0.5,-0.5,0.046926547126724616,-0.023463273563362308
2023-05-05,0.0,-0.5,-0.5,-0.0004034176201992423,0.00020170881009962116
2023-05-09,0.0,-0.5,-0.5,0.010420943888989509,-0.0052104719444947545
2023-05-10,0.0,-0.5,-0.5,0.0010945958336634476,-0.0005472979168317238
2023-05-12,0.9606657286960797,0.5,0.5,-0.0028973399654637078,-0.0019486699827318539
2023-05-17,0.6678827632424236,0.33576552648484714,0.33576552648484714,0.013666091282392268,0.0045064850976648425
2023-05-18,0.9412044769666251,0.5,0.5,0.0006284442136330615,0.0002321048700589543
2023-05-22,0.9725876891974508,0.5,0.5,-0.015154840587381146,-0.007577420293690573
2023-05-23,0.9998812085936366,0.5,0.5,0.0016319399040334304,0.0008159699520167152
2023-05-25,0.9998729611456345,0.5,0.5,0.014104843718727667,0.007052421859363833
2023-05-26,0.9998254939107246,0.5,0.5,0.0,0.0
2023-05-30,0.9992680741369678,0.5,0.5,-0.00028203928413017554,-0.00014101964206508777
2023-06-01,0.9974550743047905,0.5,0.5,0.004775562853470028,0.002387781426735014
2023-06-02,0.9988707695892574,0.5,0.5,-0.007571193855868019,-0.0037855969279340096
2023-06-05,0.9981064400308853,0.5,0.5,-0.002060214558213702,-0.001030107279106851
2023-06-07,0.9993164459616787,0.5,0.5,0.015465063845069515,0.007732531922534758
2023-06-08,0.9991903401079669,0.5,0.5,0.002159913952063164,0.001079956976031582
2023-06-12,0.9927354674965535,0.5,0.5,-0.0026117490004358146,-0.0013058745002179073
2023-06-14,0.9993958826408006,0.5,0.5,0.011198751651420702,0.005599375825710351
2023-06-15,0.9992619919203269,0.5,0.5,-0.0058599883574962375,-0.0029299941787481187
2023-06-16,0.9961739758878129,0.5,0.5,0.0,0.0
2023-06-21,0.9798516969905254,0.5,0.5,0.016525173570558493,0.008262586785279247
2023-06-22,0.9993543781764574,0.5,0.5,-0.0017112225340120135,-0.0008556112670060068
2023-06-26,0.9878896487708244,0.5,0.5,0.015059131249321345,0.007529565624660672
2023-06-27,0.999758529298456,0.5,0.5,0.006327668301077782,0.003163834150538891
2023-06-28,0.9994865834052169,0.5,0.5,0.0017965373365234072,0.0008982686682617036
2023-06-30,0.9897577457303987,0.5,0.5,-0.00778468400985477,-0.003892342004927385
2023-07-03,0.9984445701820737,0.5,0.5,0.0,0.0
2023-07-05,0.9989721499368478,0.5,0.5,0.0025089049918354256,0.0012544524959177128
2023-07-07,0.9972745921830767,0.5,0.5,-0.010855926482357892,-0.005427963241178946
2023-07-10,0.9995939012177739,0.5,0.5,-0.00281004945870289,-0.001405024729351445
2023-07-12,0.9998553577716777,0.5,0.5,0.004057556057869505,0.0020287780289347523
2023-07-13,0.9998655743801894,0.5,0.5,0.0007873239149214228,0.0003936619574607114
2023-07-17,0.9997228522434234,0.5,0.5,-0.0013402496184093948,-0.0006701248092046974
2023-07-19,0.9996406214459065,0.5,0.5,-0.010097528061737693,-0.005048764030868846
2023-07-20,0.9991886516983006,0.5,0.5,-0.006161635746642635,-0.0030808178733213176
2023-07-21,0.967011109703966,0.5,0.5,0.004220120535369132,0.002110060267684566
2023-07-24,0.99966790587976,0.5,0.5,0.004513528538546474,0.002256764269273237
2023-07-25,0.9995375544061819,0.5,0.5,0.004545124567586933,0.0022725622837934667
2023-07-26,0.9550273329209165,0.5,0.5,-0.006581185217809038,-0.003290592608904519
2023-07-27,0.030805104534376616,-0.5,-0.5,0.013508050107301495,-0.007254025053650748
2023-07-28,0.997792746026972,0.5,0.5,0.003166017033335411,0.0010830085166677055
2023-07-31,0.02976684328128302,-0.5,-0.5,-0.004275996051670061,0.0016379980258350306
2023-08-01,0.9622169342264492,0.5,0.5,-0.015489948436775869,-0.008244974218387935
2023-08-02,0.9964653035546989,0.5,0.5,-0.007321630496490594,-0.003660815248245297
2023-08-03,0.6479507436141975,0.29590148722839493,0.29590148722839493,-0.04802013839903274,-0.014311279625572947
2023-08-04,0.8582715186597983,0.5,0.5,-0.017253684058993746,-0.008728891285882676
2023-08-07,0.0030974976656737542,-0.5,-0.5,0.005311701426685023,-0.0031558507133425113
2023-08-08,0.003283314693712944,-0.5,-0.5,-0.008954258427928519,0.004477129213964259
2023-08-09,0.0037867526364429548,-0.5,-0.5,-0.0012347399006544801,0.0006173699503272401
2023-08-14,0.99949348344999,0.5,0.5,-0.011200471193894446,-0.006100235596947223
2023-08-15,0.9979400084140535,0.5,0.5,-0.0049590337668599105,-0.0024795168834299552
2023-08-16,0.9988856727670992,0.5,0.5,-0.014555065353502705,-0.007277532676751353
2023-08-17,0.9997242702528796,0.5,0.5,0.0028160784878381584,0.0014080392439190792
2023-08-21,0.99785778870224,0.5,0.5,0.007904964472261744,0.003952482236130872
2023-08-22,0.9992128143961713,0.5,0.5,0.02194886388186834,0.01097443194093417
2023-08-23,0.6250918436799512,0.2501836873599024,0.2501836873599024,-0.026170542392972784,-0.006672350952402623
2023-08-24,0.8500394850606384,0.5,0.5,0.012643185641098231,0.006196684664229067
2023-08-25,0.9701543476495306,0.5,0.5,0.008846134303233777,0.0044230671516168885
2023-08-28,0.9919650821042014,0.5,0.5,0.021810379783940848,0.010905189891970424
2023-08-29,0.9983458580873057,0.5,0.5,0.01917218749490046,0.00958609374745023
2023-08-30,0.872521882905603,0.5,0.5,0.0011723899297633178,0.0005861949648816589
2023-09-01,0.993869955906948,0.5,0.5,0.0,0.0
2023-09-06,0.9973644556763532,0.5,0.5,-0.02924922209022829,-0.014624611045114144
2023-09-07,0.795015742438541,0.5,0.5,0.0034915872065037767,0.0017457936032518884
2023-09-08,0.10137745315039857,-0.5,-0.5,0.006622399728120287,-0.0038111998640601437
2023-09-11,0.017635178145836945,-0.5,-0.5,-0.01706049800541487,0.008530249002707435
2023-09-12,0.809620975573271,0.5,0.5,-0.011854738054084102,-0.006427369027042051
2023-09-13,0.9765758832773122,0.5,0.5,0.008782551151651719,0.004391275575825859
2023-09-14,0.9626894607497957,0.5,0.5,-0.004153931672041256,-0.002076965836020628
2023-09-15,0.10019308411559048,-0.5,-0.5,0.016913328359541513,-0.008956664179770757
2023-09-18,0.6836601747108249,0.3673203494216497,0.3673203494216497,0.0061807880950697225,0.0018366690680713582
2023-09-19,0.2738221964509045,-0.452355607098191,-0.452355607098191,-0.019992174980986044,0.008633734472477287
2023-09-20,0.7698425790476287,0.5,0.5,-0.008889354040624298,-0.0049208548238612445
2023-09-21,0.9996830622946641,0.5,0.5,0.004944406105185095,0.0024722030525925476
2023-09-22,0.9996838568893351,0.5,0.5,0.0073804273883029126,0.0036902136941514563
2023-09-25,0.9998698890060234,0.5,0.5,-0.02339851969513229,-0.011699259847566146
2023-09-26,0.99839475799024,0.5,0.5,-0.008897466151314037,-0.004448733075657019
2023-09-27,0.9891053896671941,0.5,0.5,0.0015257267950932185,0.0007628633975466093
2023-09-29,0.9998923091395208,0.5,0.5,0.014835782594754043,0.007417891297377022
2023-10-02,0.9998015376523952,0.5,0.5,-0.00776983495663075,-0.003884917478315375
2023-10-03,0.9999496318736422,0.5,0.5,0.007308370663771768,0.003654185331885884
2023-10-04,0.9998775192592293,0.5,0.5,0.007198117293989892,0.003599058646994946
2023-10-05,0.9994299203691484,0.5,0.5,0.014750461009717108,0.007375230504858554
2023-10-06,0.9796748899918444,0.5,0.5,0.008451139996715096,0.004225569998357548
2023-10-09,0.07904466918775786,-0.5,-0.5,-0.0033522127910061705,0.0011761063955030853
2023-10-10,0.9756657112221979,0.5,0.5,0.007904166376954125,0.0034520831884770624
2023-10-11,0.5263119765426956,0.05262395308539114,0.05262395308539114,0.0050611547992316375,4.2649949255363487e-05
2023-10-12,0.0053694050752132565,-0.5,-0.5,-0.01029277033390219,0.0048700731904084
2023-10-13,0.057748312754880085,-0.5,-0.5,-0.0007269487965456678,0.0003634743982728339
2023-10-17,0.8934058244653336,0.5,0.5,-0.007394829021052929,-0.004197414510526465
2023-10-18,0.8606624062950872,0.5,0.5,-0.0021608702155586634,-0.0010804351077793317
2023-10-20,0.1423471949996613,-0.5,-0.5,0.000694030685479019,-0.0008470153427395095
2023-10-24,0.45839355808983784,-0.08321288382032432,-0.08321288382032432,-0.013491722730781475,0.0009142915980427098
2023-10-25,0.7610590964235107,0.5,0.5,-0.02460546869441982,-0.012594340789120072
2023-10-26,0.1321194247769419,-0.5,-0.5,0.007969283585253395,-0.004484641792626698
2023-10-27,0.9999633464396914,0.5,0.5,0.012305165390446904,0.0056525826952234515
2023-10-30,0.9989232366062972,0.5,0.5,0.0028190701827772724,0.0014095350913886362
2023-11-01,0.9930722851683282,0.5,0.5,0.020693214401296123,0.010346607200648061
2023-11-02,0.041968842727005046,-0.5,-0.5,-0.005181117854226369,0.0020905589271131846
2023-11-03,0.994670002739219,0.5,0.5,0.014605345585268381,0.00680267279263419
2023-11-06,0.9986084871120925,0.5,0.5,0.01445063622740661,0.007225318113703305
2023-11-07,0.9564471577553288,0.5,0.5,0.005884997966979055,0.0029424989834895277
2023-11-08,0.9966719658697758,0.5,0.5,-0.002624600050313286,-0.001312300025156643
2023-11-10,0.9777698650697753,0.5,0.5,-0.008583666539947021,-0.004291833269973511
2023-11-13,0.999732800866564,0.5,0.5,0.01428566908294493,0.007142834541472465
2023-11-14,0.9999613976860295,0.5,0.5,0.0030408983214760266,0.0015204491607380133
2023-11-15,0.9999715659658623,0.5,0.5,0.009042164986178935,0.004521082493089468
2023-11-16,0.9999594488980577,0.5,0.5,-0.00010552820149933861,-5.276410074966931e-05
2023-11-20,0.9999560994001359,0.5,0.5,-0.004230829110849932,-0.002115414555424966
2023-11-21,0.9999568387079962,0.5,0.5,0.003514437728304287,0.0017572188641521436
2023-11-22,0.9993471634099067,0.5,0.5,0.0,0.0
2023-11-24,0.4426593394164757,-0.11468132116704866,-0.11468132116704866,-0.000947643947674548,-0.00019866360066824964
2023-11-28,0.08058677704912962,-0.5,-0.5,-0.005409714161067947,0.0025121977411174975
2023-11-29,0.05514492848159102,-0.5,-0.5,0.003062968817508338,-0.001531484408754169
2023-11-30,0.9865357269252301,0.5,0.5,0.006791204348976176,0.002895602174488088
2023-12-01,0.9999221434792663,0.5,0.5,-0.009464602427154523,-0.004732301213577261
2023-12-04,0.9681105652635413,0.5,0.5,0.02106316023681387,0.010531580118406936
2023-12-05,0.0543996995838803,-0.5,-0.5,-0.005686995735886935,0.0023434978679434675
2023-12-06,0.2368384372708609,-0.5,-0.5,0.01013932470058787,-0.005069662350293935
2023-12-07,0.9991637453136777,0.5,0.5,0.00741231955248689,0.003206159776243445
2023-12-08,0.9994844354091617,0.5,0.5,-0.01292736208690859,-0.006463681043454295
2023-12-11,0.9989523115664823,0.5,0.5,0.007920211929991483,0.0039601059649957415
2023-12-12,0.997089969747975,0.5,0.5,0.016691420249771882,0.008345710124885941
2023-12-13,0.998866370399825,0.5,0.5,0.0007578166113340057,0.00037890830566700284
2023-12-18,0.9974398816815172,0.5,0.5,0.005360064370418582,0.002680032185209291
2023-12-19,0.8587750271933969,0.5,0.5,-0.010713840621863646,-0.005356920310931823
2023-12-20,0.9989446100580167,0.5,0.5,-0.0007700700392522242,-0.0003850350196261121
2023-12-22,0.9923158005645089,0.5,0.5,0.0,0.0
2023-12-29,0.9923507076688493,0.5,0.5,0.0,0.0
2024-01-02,0.9999219067693407,0.5,0.5,-0.007487422252965725,-0.0037437111264828626
2024-01-03,0.007854100243203252,-0.5,-0.5,-0.012700234690595669,0.005850117345297834
2024-01-04,0.0005441662255935321,-0.5,-0.5,-0.004013003688427497,0.0020065018442137483
2024-01-05,0.9999526480136254,0.5,0.5,0.02417478184585886,0.01158739092292943
2024-01-08,0.5732790099321114,0.1465580198642229,0.1465580198642229,-0.0022634156761977,-0.0005084427097010645
2024-01-10,0.9820180009290577,0.5,0.5,-0.003222639752959333,-0.0017880408665475551
2024-01-11,0.9968659902724242,0.5,0.5,0.0017781698680385816,0.0008890849340192908
2024-01-16,0.9984966765061908,0.5,0.5,-0.005173403630483131,-0.0025867018152415655
2024-01-17,0.9986199272090609,0.5,0.5,0.032570569426700224,0.016285284713350112
2024-01-18,0.9999298619552756,0.5,0.5,0.01553302129370282,0.00776651064685141
2024-01-19,0.8351604194813163,0.5,0.5,0.012163297634769199,0.0060816488173845995
2024-01-22,0.9988840754257774,0.5,0.5,0.006653202749153486,0.003326601374576743
2024-01-23,0.9999237611773616,0.5,0.5,-0.0034838576819420375,-0.0017419288409710187
2024-01-24,0.9761364121348286,0.5,0.5,-0.0016965540190346795,-0.0008482770095173398
2024-01-26,0.9992419498169777,0.5,0.5,-0.003585968969744613,-0.0017929844848723064
2024-01-29,0.9830232007883064,0.5,0.5,-0.01924584395053852,-0.00962292197526926
2024-01-30,0.9952711768259946,0.5,0.5,-0.01935771977763212,-0.00967885988881606
2024-01-31,0.8571697886764731,0.5,0.5,0.013340642344593645,0.0066703211722968225
2024-02-01,0.9969881182843248,0.5,0.5,-0.005404979409543431,-0.0027024897047717156
2024-02-02,0.9998906911532784,0.5,0.5,0.009846482082179753,0.004923241041089876
2024-02-05,0.9876084930572561,0.5,0.5,0.008631713843316957,0.0043158569216584786
2024-02-06,0.5499405512839854,0.09988110256797089,0.09988110256797089,0.0005812964789251307,-0.00014199891548209324
2024-02-08,0.9379555329026625,0.5,0.5,0.0040940084954168565,0.0018469447989924138
2024-02-09,0.9947444517082565,0.5,0.5,-0.009002028038047172,-0.004501014019023586
2024-02-12,0.9990090772815633,0.5,0.5,-0.011274213696412683,-0.005637106848206341
2024-02-13,0.9998376916867007,0.5,0.5,-0.004809839340635391,-0.0024049196703176956
2024-02-14,0.9993728720695796,0.5,0.5,-0.001574892256622551,-0.0007874461283112755
2024-02-16,0.9333039787072586,0.5,0.5,0.0,0.0
2024-02-20,0.6229443676681149,0.2458887353362298,0.2458887353362298,0.004186178323493772,0.0009022784615239371
2024-02-21,0.5540684624800829,0.1081369249601658,0.1081369249601658,0.011243889048718536,0.0011470036811336744
2024-02-22,0.37598188975498265,-0.2480362204900347,-0.2480362204900347,-0.01003432353985334,0.002310789113274308
2024-02-23,0.29785305686508273,-0.40429388626983453,-0.40429388626983453,-0.007451114585431351,0.002934311239895988
2024-02-26,0.3663405296153927,-0.2673189407692146,-0.2673189407692146,0.008114285791847475,-0.0022375897557256647
2024-02-27,0.0046905934449995535,-0.5,-0.5,-0.006625319707944666,0.00319631932435694
2024-02-28,0.023123743875901995,-0.5,-0.5,-0.0036930833891722914,0.0018465416945861457
2024-02-29,0.01876622992128231,-0.5,-0.5,-0.006030435397010536,0.003015217698505268
2024-03-01,0.00047694562053708645,-0.5,-0.5,-0.025381324213025747,0.012690662106512873
2024-03-04,0.9994869277257906,0.5,0.5,-0.028440953575865624,-0.014720476787932812
2024-03-05,0.06538291935781035,-0.5,-0.5,-0.005878137858539523,0.0024390689292697614
2024-03-06,0.9999752022792451,0.5,0.5,-0.0007095328206183638,-0.0008547664103091819
2024-03-08,0.9789246985897603,0.5,0.5,0.011831652081736976,0.005915826040868488
2024-03-11,0.9919176828723406,0.5,0.5,0.0027785823989843195,0.0013892911994921597
2024-03-13,0.9991089845219321,0.5,0.5,0.010927317773563816,0.005463658886781908
2024-03-14,0.9960749565460679,0.5,0.5,-0.0021965214193262472,-0.0010982607096631236
2024-03-18,0.9981391469281474,0.5,0.5,0.01358488309312822,0.00679244154656411
2024-03-19,0.07689852538007427,-0.5,-0.5,0.014709223402614713,-0.007854611701307357
2024-03-20,0.012180739123965889,-0.5,-0.5,-0.040857387460283445,0.020428693730141723
2024-03-21,0.938815112273145,0.5,0.5,0.005310278303996885,0.0021551391519984424
2024-03-22,0.9014955909712622,0.5,0.5,-0.00830050413727268,-0.00415025206863634
2024-03-25,0.924676831807449,0.5,0.5,-0.006672487785141179,-0.0033362438925705895
2024-03-26,0.20195681853598474,-0.5,-0.5,0.021212616529390438,-0.01110630826469522
2024-03-27,0.9977363419020729,0.5,0.5,-0.01055922189662517,-0.005779610948312586
2024-03-28,0.020801567387007128,-0.5,-0.5,0.0,-0.0005
2024-04-01,0.03834005631979759,-0.5,-0.5,-0.006998783492263905,0.0034993917461319524
2024-04-02,0.6830415861733913,0.36608317234678256,0.36608317234678256,0.0047972889637504235,0.001323165176340573
2024-04-03,0.9076556861749884,0.5,0.5,-0.004892240709657103,-0.00251307876865516
2024-04-04,0.9762232519653978,0.5,0.5,0.00450181449014031,0.002250907245070155
2024-04-05,0.9610352838155465,0.5,0.5,-0.006663642173589501,-0.0033318210867947506
2024-04-08,0.9920989303860099,0.5,0.5,0.007242701668405127,0.0036213508342025635
2024-04-09,0.994080711472389,0.5,0.5,-0.011139368416170914,-0.005569684208085457
2024-04-10,0.9907536477866581,0.5,0.5,0.04327094999904735,0.021635474999523674
2024-04-11,0.7577957222404058,0.5,0.5,0.00862670616809269,0.004313353084046345
2024-04-12,0.034077378478918986,-0.5,-0.5,-0.0218636396635552,0.0104318198317776
2024-04-15,0.004196967504991731,-0.5,-0.5,-0.019167249799518893,0.009583624899759446
2024-04-16,0.0035546952185230383,-0.5,-0.5,-0.008147374430445997,0.004073687215222999
2024-04-17,0.11147561610483887,-0.5,-0.5,-0.00571428728248613,0.002857143641243065
2024-04-18,0.015693995434187542,-0.5,-0.5,-0.012212532043877511,0.0061062660219387555
2024-04-19,0.7896438602082188,0.5,0.5,0.005090746922927769,0.0020453734614638845
2024-04-22,0.961963175797812,0.5,0.5,0.0063917165029592216,0.0031958582514796108
2024-04-23,0.9076490539744414,0.5,0.5,0.012702243864187057,0.006351121932093529
2024-04-24,0.995546678119937,0.5,0.5,0.0051472474287630465,0.0025736237143815233
2024-04-25,0.4137773234359667,-0.17244535312806664,-0.17244535312806664,-0.0034727857169091214,0.00026264308272646615
2024-04-26,0.8230833501849328,0.5,0.5,0.024808063371766664,0.0120678090093193
2024-04-29,0.9986924350749857,0.5,0.5,-0.018270903965436736,-0.009135451982718368
2024-04-30,0.9987170077128316,0.5,0.5,-0.006047103726853242,-0.003023551863426621
2024-05-01,0.9998031174475133,0.5,0.5,0.02203195385387402,0.01101597692693701
2024-05-02,0.04687083195572432,-0.5,-0.5,0.05981618182259041,-0.030408090911295205
2024-05-03,0.000770721909793168,-0.5,-0.5,-0.009106791110920387,0.0045533955554601935
2024-05-06,0.3461352740458464,-0.30772945190830725,-0.30772945190830725,0.0037972235113064023,-0.0012646527839535035
2024-05-07,0.007186774080172234,-0.5,-0.5,0.0018641726325807628,-0.0010282215903362278
2024-05-09,0.9749334688649625,0.5,0.5,-0.006890242475751096,-0.0039451212378755485
2024-05-10,0.9999549115511578,0.5,0.5,0.01764552941996156,0.00882276470998078
2024-05-13,0.9983106279299827,0.5,0.5,0.006173292649317874,0.003086646324658937
2024-05-14,0.9965610076295818,0.5,0.5,0.012218018561994448,0.006109009280997224
2024-05-15,0.2728831668856988,-0.4542336662286024,-0.4542336662286024,0.0006324432208688613,-0.0007643938360109897
2024-05-20,0.9999997552448974,0.5,0.5,0.006857311334965255,0.0029515388343683262
2024-05-21,0.9999999325924892,0.5,0.5,-0.007538450453831835,-0.0037692252269159177
2024-05-22,0.9991687431946699,0.5,0.5,-0.021057979165923002,-0.010528989582961501
2024-05-23,0.11293826382846442,-0.5,-0.5,0.016587964773898456,-0.008793982386949228
2024-05-24,0.8849199164801685,0.5,0.5,0.0,-0.0005
2024-05-30,0.9999990114331887,0.5,0.5,0.005018662730813084,0.002509331365406542
2024-05-31,0.9437060409412983,0.5,0.5,0.009258823144343564,0.004629411572171782
2024-06-03,0.9035074499124343,0.5,0.5,0.00164928996923841,0.000824644984619205
2024-06-05,0.9871577061272382,0.5,0.5,-0.007096527044226142,-0.003548263522113071
2024-06-06,0.6021877623588107,0.20437552471762133,0.20437552471762133,0.012391992854015044,0.002384807804195149
2024-06-07,0.9815298388322438,0.5,0.5,-0.019147682172531266,-0.009721653323906822
2024-06-10,0.02296821302896428,-0.5,-0.5,0.0726490048015127,-0.036824502400756354
2024-06-11,0.9996184573114338,0.5,0.5,0.028578447980847077,0.013789223990423538
2024-06-12,0.9925477824397652,0.5,0.5,0.005491104228192656,0.002745552114096328
2024-06-13,0.9934266600907065,0.5,0.5,-0.008168428738169253,-0.004084214369084627
2024-06-14,0.9935018247750854,0.5,0.5,0.019671571564688684,0.009835785782344342
2024-06-17,0.05121556460318512,-0.5,-0.5,-0.010984472180577853,0.004992236090288926
2024-06-18,0.9990166023960926,0.5,0.5,0.0,-0.0005
2024-06-20,0.6064404347242546,0.21288086944850915,0.21288086944850915,-0.010444355764509639,-0.002366963101254106
2024-06-21,0.5055081076920992,0.011016215384198391,0.011016215384198391,0.0031327518095445317,-6.642125835297556e-05
2024-06-24,0.03679939162204928,-0.5,-0.5,0.004468072288756897,-0.002489544252070548
2024-06-25,0.4320388789432714,-0.13592224211345716,-0.13592224211345716,0.019993214103975365,-0.002899561367009997
2024-06-26,0.980353531292298,0.5,0.5,0.0039860444901147485,0.0016750611240006457
2024-06-27,0.999417860711849,0.5,0.5,-0.01625413473382864,-0.00812706736691432
2024-06-28,0.9846926096357042,0.5,0.5,0.029104596430977292,0.014552298215488646
2024-07-01,0.9985321664431269,0.5,0.5,0.016239722808076396,0.008119861404038198
2024-07-02,0.9385947610112895,0.5,0.5,0.00581119399158081,0.002905596995790405
2024-07-03,0.9623908216558892,0.5,0.5,0.0,0.0
2024-07-05,0.9989507146723396,0.5,0.5,0.00653881158157299,0.003269405790786495
2024-07-08,0.6501964433690491,0.3003928867380983,0.3003928867380983,0.0037748417448426608,0.0010341320520818157
2024-07-09,0.49363851267185715,-0.01272297465628569,-0.01272297465628569,0.01880356507674441,-0.0003957952126164298
2024-07-10,0.012317920329411963,-0.5,-0.5,-0.02322079145470024,0.011366757214678263
2024-07-11,0.8962909471846249,0.5,0.5,0.013050843696934544,0.006025421848467272
2024-07-12,0.9885307431957827,0.5,0.5,0.016743300110270143,0.008371650055135071
2024-07-15,0.9145972282781568,0.5,0.5,0.0017918786066573045,0.0008959393033286522
2024-07-17,0.05410982122663135,-0.5,-0.5,-0.02053492046238703,0.009767460231193514
2024-07-18,0.21167568946084483,-0.5,-0.5,0.0005799316802006516,-0.0002899658401003258
2024-07-23,0.16634971284803654,-0.5,-0.5,-0.028754232666156065,0.014377116333078033
2024-07-24,0.006135636647493419,-0.5,-0.5,-0.0048044837822248665,0.0024022418911124332
2024-07-25,0.1505642051439285,-0.5,-0.5,0.0021610340107405257,-0.0010805170053702629
2024-07-29,0.9956179489939218,0.5,0.5,0.002566058838409102,0.000783029419204551
2024-07-31,0.08103177819851526,-0.5,-0.5,-0.016750788610832124,0.007875394305416061
2024-08-01,0.9998974965535538,0.5,0.5,0.006869356072107369,0.0029346780360536844
2024-08-02,0.9072616057336647,0.5,0.5,-0.048166981549923715,-0.024083490774961858
2024-08-05,0.6156956623032505,0.23139132460650091,0.23139132460650091,-0.009748153391579306,-0.0023899424634416396
2024-08-06,0.5264276184241998,0.052855236848399656,0.052855236848399656,0.012498219771874597,0.0005713283223467327
2024-08-07,0.24223683675915642,-0.5,-0.5,0.01663331197462692,-0.00859308360573766
2024-08-08,0.6150432761411634,0.23008655228232677,0.23008655228232677,0.013735806343038837,0.0027953810481463576
2024-08-09,0.6282268893578717,0.2564537787157435,0.23008655228232677,0.007130037608732209,0.0016405257710365197
2024-08-12,0.6120884176524587,0.2241768353049174,0.23008655228232677,0.017192945513906155,0.003955865556872564
2024-08-13,0.8377764998083198,0.5,0.5,0.0020338127254488914,0.000881949638865609
2024-08-15,0.7081420976178112,0.41628419523562243,0.41628419523562243,0.00591846921354322,0.002421907291204458
2024-08-16,0.7184701425411254,0.4369402850822508,0.41628419523562243,-0.0007078632498803694,-0.0002946722833133219
2024-08-22,0.37452763666142885,-0.2509447266771423,-0.2509447266771423,0.010288167272858306,-0.0029153757852525305
2024-08-23,0.9978732029698532,0.5,0.5,0.0014987850163938887,0.0003739201448583732
2024-08-27,0.999994554751283,0.5,0.5,-0.006753570735651748,-0.003376785367825874
2024-08-28,0.9983294883313483,0.5,0.5,0.014570116715389103,0.007285058357694552
2024-08-29,0.1494371949261153,-0.5,-0.5,-0.0034378151527914014,0.0012189075763957007
2024-08-30,0.10142062146596556,-0.5,-0.5,0.0,-0.0
2024-09-03,0.5343589362089285,0.06871787241785698,0.06871787241785698,-0.008618876156298305,-0.000876629768302745
2024-09-04,0.5572004305092775,0.11440086101855496,0.06871787241785698,0.006927877454859788,0.00047606899906960266
2024-09-05,0.6582197515313825,0.3164395030627649,0.3164395030627649,-0.007015049374123783,-0.002343699553230944
2024-09-06,0.6270417574194765,0.2540835148389531,0.2540835148389531,0.0004075081184016227,7.236310093698663e-05
2024-09-10,0.9394320140152955,0.5,0.5,0.011585072193410095,0.005669577854124524
2024-09-11,0.12332160378183714,-0.5,-0.5,0.0004941944544332166,-0.0007470972272166083
2024-09-16,0.3330931820506052,-0.33381363589878965,-0.33381363589878965,0.0021726197330820263,-0.0008083432745761743
2024-09-18,0.9919495707277832,0.5,0.5,0.03706556062944655,0.01811587349677388
2024-09-19,0.018216832287858448,-0.5,-0.5,-0.002927445291917685,0.0009637226459588426
2024-09-23,0.39682810592031426,-0.2063437881593715,-0.2063437881593715,0.003974025096690426,-0.0009668434986118292
2024-09-24,0.01812158744306618,-0.5,-0.5,-0.004398090277356381,0.0020522170327578765
2024-09-25,0.04661645596060466,-0.5,-0.5,0.005080160307070036,-0.002540080153535018
2024-09-26,0.7010995852132641,0.4021991704265282,0.4021991704265282,0.001186658354039194,2.617342036100907e-05
2024-09-30,2.390330150117831e-06,-0.5,-0.5,-0.02914169158910973,0.0141197462093416
2024-10-01,0.018622552180940777,-0.5,-0.5,0.0025198182488839205,-0.0012599091244419602
2024-10-03,0.28638434886634384,-0.4272313022673123,-0.4272313022673123,0.005007337478568852,-0.0021756756607272344
2024-10-04,0.9644529157904437,0.5,0.5,-0.02253089110905182,-0.011729061205659566
2024-10-07,0.006363208848599089,-0.5,-0.5,0.018404132056073275,-0.009702066028036638
2024-10-08,0.9321706942172072,0.5,0.5,0.0166983296102583,0.00784916480512915
2024-10-09,0.18952131560220084,-0.5,-0.5,-0.002178322879048733,0.0005891614395243665
2024-10-11,0.9748248383105378,0.5,0.5,0.01647985820184883,0.007739929100924414
2024-10-14,0.825086106896689,0.5,0.5,0.011024667131840804,0.005512333565920402
2024-10-15,0.991992351667628,0.5,0.5,-0.008851953433846371,-0.004425976716923186
2024-10-16,0.7500982717414445,0.5,0.5,0.001596408256691939,0.0007982041283459695
2024-10-18,0.7873715552156646,0.5,0.5,0.00629787506078916,0.00314893753039458
2024-10-21,0.9991886227187221,0.5,0.5,-0.0026217803148534946,-0.0013108901574267473
2024-10-23,0.9882431804059315,0.5,0.5,-0.0008234222611660513,-0.00041171113058302566
2024-10-25,0.9540782080211073,0.5,0.5,0.00859935641457632,0.00429967820728816
2024-10-28,0.9746170613238266,0.5,0.5,0.0011568288269685478,0.0005784144134842739
2024-10-30,0.9837657408620614,0.5,0.5,-0.018209488262373785,-0.009104744131186893
2024-10-31,0.9445210027623444,0.5,0.5,-0.013279609691562944,-0.006639804845781472
2024-11-01,0.9974655825582829,0.5,0.5,-0.004037561216745256,-0.002018780608372628
2024-11-04,0.8473415926767454,0.5,0.5,0.006486286726520074,0.003243143363260037
2024-11-05,0.9951491953849767,0.5,0.5,-0.0032670420827621838,-0.0016335210413810919
2024-11-06,0.9519894116477321,0.5,0.5,0.021372178566067213,0.010686089283033606
2024-11-07,0.7081075609144647,0.4162151218289294,0.4162151218289294,-0.0011882147854568315,-0.0005364454007733856
2024-11-11,0.9090008725727634,0.5,0.5,0.0,-4.1892439085535304e-05
2024-11-13,0.8616533842231243,0.5,0.5,0.01377050629962362,0.00688525314981181
2024-11-14,0.13034977468110936,-0.5,-0.5,-0.014109162954561882,0.006554581477280941
2024-11-15,0.9123296024734221,0.5,0.5,0.013422248295838157,0.006211124147919078
2024-11-18,0.7144370298335987,0.4288740596671974,0.4288740596671974,0.0011401778793000972,0.0004534297456717671
2024-11-20,0.8690471902229324,0.5,0.5,-0.0020960027432259665,-0.0010835643417793845
2024-11-22,0.9797594372760361,0.5,0.5,0.013050819603222186,0.006525409801611093
2024-11-25,0.6163455084410108,0.23269101688202154,0.23269101688202154,0.009404379438592514,0.0020546601231514776
2024-11-26,0.00023154728234659497,-0.5,-0.5,-0.0005530800860615859,-8.980546541021784e-05
2024-11-29,0.831205820766212,0.5,0.5,0.009522577464861515,0.004261288732430757
2024-12-02,0.9992328170878286,0.5,0.5,0.012771833107112718,0.006385916553556359
2024-12-03,0.8342664004857534,0.5,0.5,0.0014835866434415035,0.0007417933217207517
2024-12-09,0.25276411913494057,-0.49447176173011886,-0.49447176173011886,0.004133784664764217,-0.0025412756666639705
2024-12-10,0.9885774308603695,0.5,0.5,-0.005166060007357087,-0.003080265884543603
2024-12-11,0.9973088845218848,0.5,0.5,0.00596372191861172,0.00298186095930586
2024-12-12,0.9995712618654112,0.5,0.5,0.0006856123428502503,0.00034280617142512515
2024-12-16,0.9998013058274674,0.5,0.5,0.009719616841789014,0.004859808420894507
2024-12-17,0.9997079105160571,0.5,0.5,-0.021421768297346322,-0.010710884148673161
2024-12-18,0.9661106253982046,0.5,0.5,0.007014636544004471,0.0035073182720022356
2024-12-19,0.9238878065508696,0.5,0.5,0.018815829425706143,0.009407914712853072
2024-12-20,0.79690837721599,0.5,0.5,0.003064998264964869,0.0015324991324824344
2024-12-23,0.9985113354813066,0.5,0.5,0.011478028723955758,0.005739014361977879
2024-12-24,0.9568242782091473,0.5,0.5,0.0,0.0
2024-12-26,0.7614284424967038,0.5,0.5,-0.013242202847801088,-0.006621101423900544
2024-12-27,0.9890713277249094,0.5,0.5,-0.013263421394872132,-0.006631710697436066
2024-12-30,0.9868216647494341,0.5,0.5,-0.007057804046603833,-0.0035289020233019164
2024-12-31,0.4585290488954516,-0.08294190220909681,-0.08294190220909681,0.0,-0.0002914709511045484
2025-01-02,0.535905018808636,0.0718100376172719,0.0718100376172719,-0.0020094291642466233,-0.0002216731537869776
2025-01-06,0.9941671899138461,0.5,0.5,-0.011387776998101784,-0.005907983480242256
2025-01-07,0.9677020992533671,0.5,0.5,0.0020230349963117344,0.0010115174981558672
2025-01-10,0.7676394610695508,0.5,0.5,-0.010344148734474867,-0.005172074367237434
2025-01-13,0.969823598480235,0.5,0.5,-0.00477817804434344,-0.00238908902217172
2025-01-14,0.8093004679891411,0.5,0.5,0.019675915137548072,0.009837957568774036
2025-01-15,0.9764191397681202,0.5,0.5,-0.04040021104804048,-0.02020010552402024
2025-01-16,0.09422306000794335,-0.5,-0.5,0.007535254651194867,-0.004267627325597434
2025-01-17,0.9529134366843304,0.5,0.5,0.0,-0.0005
2025-01-21,0.9981769617599091,0.5,0.5,0.005345022645830477,0.0026725113229152386
2025-01-22,0.9982717722777107,0.5,0.5,-0.00075945639860997,-0.000379728199304985
2025-01-24,0.9542737099291397,0.5,0.5,0.0317802621637584,0.0158901310818792
2025-01-27,0.8968896542468551,0.5,0.5,0.03654391119791067,0.018271955598955336
2025-01-28,0.9979252275459116,0.5,0.5,0.004616831579063785,0.0023084157895318924
2025-01-29,0.9973802631427745,0.5,0.5,-0.007394694472410257,-0.0036973472362051285
2025-01-30,0.9170109519476142,0.5,0.5,-0.006692159687602506,-0.003346079843801253
2025-01-31,0.7208523750204888,0.44170475004097765,0.44170475004097765,-0.03385603719127683,-0.014983520069930487
2025-02-03,0.9571940852851476,0.5,0.5,0.02100798629738443,0.010474845523712703
2025-02-04,0.8138044782720537,0.5,0.5,-0.0014175666042857138,-0.0007087833021428569
2025-02-06,0.9800988130536611,0.5,0.5,-0.023968696488039565,-0.011984348244019782
2025-02-07,0.7407575104518257,0.4815150209036514,0.5,0.0011872703149256036,0.0005936351574628018
2025-02-11,0.8881887153715007,0.5,0.5,0.01827014749510436,0.00913507374755218
2025-02-12,0.9997552593073811,0.5,0.5,0.01967323592804604,0.00983661796402302
2025-02-13,0.9948436614366442,0.5,0.5,0.012710684479589673,0.006355342239794837
2025-02-14,0.005038090257073996,-0.5,-0.5,0.0,-0.0005
2025-02-20,0.6936183983593083,0.38723679671861655,0.38723679671861655,-0.0011390436550645644,-0.000884698014669175
2025-02-24,0.9996399643817417,0.5,0.5,-0.00024284399473972762,-0.00017780359901055555
2025-02-26,0.001216181195210165,-0.5,-0.5,-0.012730935987990133,0.005865467993995066
2025-02-27,0.0026111479117566566,-0.5,-0.5,0.019131905122169668,-0.009565952561084834
2025-02-28,0.16076715679487746,-0.5,-0.5,-0.015754251313333967,0.007877125656666983
2025-03-03,0.007831390776193773,-0.5,-0.5,-0.0088223823459046,0.0044111911729523
2025-03-04,0.31765219983150855,-0.3646956003369829,-0.3646956003369829,-0.0008052953828132647,0.0002260354832521755
2025-03-07,0.789695233431365,0.5,0.5,-0.04847955156408401,-0.024672123582210496
2025-03-10,0.008543834767269212,-0.5,-0.5,-0.02918941424893018,0.014094707124465089
2025-03-11,0.00043671304192375654,-0.5,-0.5,-0.017478699758893934,0.008739349879446967
2025-03-12,0.13550144307883877,-0.5,-0.5,-0.033643680889180905,0.016821840444590452
2025-03-13,0.9994509944166557,0.5,0.5,0.018170585220316893,0.008585292610158446
2025-03-14,0.9871994030399825,0.5,0.5,0.002388888765495034,0.001194444382747517
2025-03-18,0.9990185707016895,0.5,0.5,0.011989226467345793,0.005994613233672896
2025-03-19,0.6256664222413918,0.2513328444827836,0.2513328444827836,-0.005296369796450651,-0.0014554852641332518
2025-03-20,0.999361264723333,0.5,0.5,0.019476892079065333,0.00961411246177406
2025-03-21,0.00014419289480167773,-0.5,-0.5,0.01127038115604373,-0.006135190578021865
2025-03-24,0.11015144499699339,-0.5,-0.5,0.013681912241200633,-0.006840956120600317
2025-03-25,0.9697932313975848,0.5,0.5,-0.009921810242430995,-0.005460905121215498
2025-03-26,0.16371951640818516,-0.5,-0.5,0.010472672988674825,-0.005736336494337413
2025-03-27,0.11945970900096754,-0.5,-0.5,-0.02658036232816441,0.013290181164082204
2025-03-28,0.005691907811672136,-0.5,-0.5,0.019412618437147255,-0.009706309218573628
2025-03-31,0.37991535193408754,-0.24016929613182492,-0.24016929613182492,0.0047720122743710736,-0.0012760061810022172
2025-04-01,0.9635993357794639,0.5,0.5,0.0031363284814578396,0.0011980795926630073
2025-04-02,0.9953066844551804,0.5,0.5,-0.09245620080797823,-0.046228100403989114
2025-04-03,0.025833156581054662,-0.5,-0.5,-0.07288735766061138,0.03594367883030569
2025-04-04,2.4977755392306713e-08,-0.5,-0.5,-0.0367342786061855,0.01836713930309275
2025-04-07,1.4607856219120284e-08,-0.5,-0.5,-0.04981823929192353,0.024909119645961764
2025-04-08,0.18214214468930487,-0.5,-0.5,0.1532885769098551,-0.07664428845492754
2025-04-09,0.4216529771541493,-0.15669404569170142,-0.15669404569170142,-0.042393803760042426,0.006471203646266962
2025-04-10,0.9929452580554492,0.5,0.5,0.040594452856169694,0.019968879405238997
2025-04-11,0.0003580479952172489,-0.5,-0.5,0.02205407661995684,-0.011527038309978421
2025-04-14,0.08257414926553583,-0.5,-0.5,-0.0018764431236599766,0.0009382215618299883
2025-04-16,0.9998406425394055,0.5,0.5,0.013949665806890499,0.006474832903445249
2025-04-17,0.05954254074194434,-0.5,-0.5,0.0,-0.0005
2025-04-21,0.2287171788413952,-0.5,-0.5,0.03406502870124406,-0.01703251435062203
2025-04-22,0.8136875645900783,0.5,0.5,0.02433161145205487,0.011665805726027434
2025-04-23,0.012069146127474242,-0.5,-0.5,0.018426164919435495,-0.009713082459717748
2025-04-24,0.000491463330685839,-0.5,-0.5,0.004367221263343435,-0.0021836106316717174
2025-04-25,0.004315225551372289,-0.5,-0.5,0.004109375580146679,-0.0020546877900733396
2025-04-28,4.3743233042891705e-07,-0.5,-0.5,0.005091894749990278,-0.002545947374995139
2025-04-29,0.12952040403769804,-0.5,-0.5,0.006107591790042166,-0.003053795895021083
2025-04-30,0.9973824772390844,0.5,0.5,0.0038588738658813515,0.0014294369329406757
2025-05-01,0.8895027052087748,0.5,0.5,-0.037361741757710676,-0.018680870878855338
2025-05-02,0.5233277398660003,0.04665547973200068,0.04665547973200068,-0.03145849927117084,-0.001694383635279269
2025-05-05,0.003341614640622151,-0.5,-0.5,-0.0019106137620794605,0.0006819791411737299
2025-05-07,0.09973686472023688,-0.5,-0.5,0.006318533035958307,-0.0031592665179791535
2025-05-08,0.9345508348160068,0.5,0.5,0.0052660880535218,0.0021330440267609
2025-05-09,0.9263463200410206,0.5,0.5,0.06314616899655467,0.03157308449827734
2025-05-12,0.9998515628459391,0.5,0.5,0.010152280585241868,0.005076140292620934
2025-05-13,2.8243016011227717e-05,-0.5,-0.5,-0.0028178257737542234,0.0009089128868771117
2025-05-15,0.7851121341352076,0.5,0.5,-0.0008985774907133148,-0.0009492887453566574
2025-05-19,0.45049285246383364,-0.09901429507233273,-0.09901429507233273,-0.00919624836148425,0.0006110529012862914
2025-05-20,0.543895557805196,0.0877911156103921,0.0877911156103921,-0.023059121838798324,-0.0021177887365654235
2025-05-21,0.017862928924693124,-0.5,-0.5,-0.0036122485818445016,0.0015122287331170547
2025-05-22,0.8642075294685506,0.5,0.5,-0.03024427887573744,-0.01562213943786872
2025-05-23,0.2729816464161608,-0.4540367071676784,-0.4540367071676784,0.0,-0.0004770183535838392
2025-05-27,0.8336224837751753,0.5,0.5,0.0010488254734115632,4.73943831219424e-05
2025-05-30,0.2947118362709204,-0.4105763274581592,-0.4105763274581592,0.00423197959474253,-0.002192838803616336
2025-06-02,0.02358287253523766,-0.5,-0.5,0.007783846649397574,-0.003936635160969708
2025-06-03,0.06747415330479674,-0.5,-0.5,-0.002213746602105271,0.0011068733010526355
2025-06-05,0.37038833775593044,-0.2592233244881391,-0.2592233244881391,0.01639826694665114,-0.0043712016115108054
2025-06-06,0.020159878333503863,-0.5,-0.5,-0.012112562253018933,0.0059358927887535355
2025-06-09,0.09810195478062213,-0.5,-0.5,0.00605607184084711,-0.003028035920423555
2025-06-10,0.044944748732852396,-0.5,-0.5,-0.019193760456297837,0.009596880228148919
2025-06-11,0.7564496229483062,0.5,0.5,0.002112895022762018,0.000556447511381009
2025-06-13,0.8496120200523951,0.5,0.5,0.010028031208825672,0.005014015604412836
2025-06-16,0.7007871925818633,0.40157438516372657,0.40157438516372657,-0.014010719296581597,-0.005675558794644451
2025-06-17,0.6353247919458596,0.2706495838917191,0.2706495838917191,0.004804743182752258,0.0012349393424824688
2025-06-18,0.7245573417832076,0.44911468356641526,0.44911468356641526,0.0,-8.923254983734807e-05
2025-06-20,0.42750114285704577,-0.14499771428590846,-0.14499771428590846,0.00248757334336136,-0.0006577486478321144
2025-06-24,0.18472294302336809,-0.5,-0.5,0.0062905831155934955,-0.0033227927006537934
2025-06-25,0.6345180569239032,0.26903611384780635,0.26903611384780635,-0.0027783626191049127,-0.001131997938827902
2025-06-30,0.6629690213163195,0.32593804263263904,0.32593804263263904,0.012916154224275056,0.004181415061809088
2025-07-01,0.050788898130091964,-0.5,-0.5,0.022230770203315764,-0.011528354122974201
2025-07-02,0.9912609517210194,0.5,0.5,0.005225041050401336,0.002112520525200668
2025-07-03,0.14890844414544324,-0.5,-0.5,0.0,-0.0005
2025-07-07,0.8545938343391851,0.5,0.5,0.0002858039892503772,-0.0003570980053748114
2025-07-09,0.9278499468950099,0.5,0.5,0.006014939675876629,0.0030074698379383147
2025-07-10,0.9566164281645817,0.5,0.5,-0.005884835805047839,-0.0029424179025239194
2025-07-11,0.4944299915352903,-0.01114001692941935,-0.01114001692941935,-0.012028812490351148,-0.00012156883368138696
2025-07-14,0.9331268120301236,0.5,0.5,0.0023488240612374867,0.0009188420221540336
2025-07-16,0.9510868128897536,0.5,0.5,-0.0006661853268702389,-0.00033309266343511945
2025-07-18,0.011279381492910131,-0.5,-0.5,0.0061558702516160135,-0.0035779351258080068
2025-07-21,0.9568905526798512,0.5,0.5,0.009036182474420285,0.004018091237210142
2025-07-22,0.15679373014098366,-0.5,-0.5,-0.0011660856188711044,8.304280943555219e-05
2025-07-29,0.20195757543328,-0.5,-0.5,-0.010507881543836084,0.005253940771918042
2025-07-30,0.243149450389526,-0.5,-0.5,-0.007079622090835236,0.003539811045417618
2025-07-31,0.0025478957932135657,-0.5,-0.5,-0.0250035932739211,0.01250179663696055
2025-08-01,0.000551209532760793,-0.5,-0.5,0.004792974350137147,-0.0023964871750685734
2025-08-04,0.9781182389742108,0.5,0.5,-0.0021146907604691068,-0.0015573453802345534
2025-08-06,0.9833077034392377,0.5,0.5,0.03179364268982976,0.01589682134491488
2025-08-07,0.03686295633757528,-0.5,-0.5,0.04235792328538146,-0.02167896164269073
2025-08-08,0.5652807723767812,0.1305615447535624,0.1305615447535624,-0.008337416841468825,-0.0014038267944533182
2025-08-11,0.011706479559902025,-0.5,-0.5,0.010872441677679756,-0.005751501611216659
2025-08-12,0.02710699626654995,-0.5,-0.5,0.01602441991019199,-0.008012209955095995
2025-08-13,0.047625090120937644,-0.5,-0.5,-0.0023571895917441354,0.0011785947958720677
2025-08-15,0.2746108743264623,-0.4507782513470754,-0.5,-0.0030225698834628334,0.0015112849417314167
2025-08-18,0.2154456332446811,-0.5,-0.5,-0.001429259958971918,0.000714629979485959
2025-08-20,0.9119703438175172,0.5,0.5,-0.004911289931109564,-0.002955644965554782
2025-08-21,0.9933826320141578,0.5,0.5,0.012716766064777785,0.006358383032388892
2025-08-22,0.9992553372621368,0.5,0.5,-0.0026343118159346535,-0.0013171559079673267
2025-08-26,0.9993420068273006,0.5,0.5,0.00514590705653295,0.002572953528266475
2025-08-27,0.03643230187848661,-0.5,-0.5,0.008980832210059075,-0.004990416105029538
2025-08-28,0.9937621819622768,0.5,0.5,-0.00180597769760249,-0.001402988848801245
2025-09-02,0.6548625277135863,0.30972505542717266,0.30972505542717266,0.038089848308826335,0.011702242906377423
2025-09-03,0.07425540083155671,-0.5,-0.5,0.005493343195739575,-0.0031515341255833737
2025-09-04,0.034066874236789696,-0.5,-0.5,-0.00037532879451496193,0.00018766439725748096
2025-09-08,0.07494085545039836,-0.5,-0.5,-0.014839409394815983,0.007419704697407992
2025-09-09,0.42106750082823513,-0.15786499834352974,-0.15786499834352974,-0.03225949486019408,0.00492157760183941
2025-09-10,0.4370164859818335,-0.12596702803633297,-0.15786499834352974,0.014286368839370622,-0.002255317593162298
2025-09-11,0.3893512967290395,-0.22129740654192098,-0.22129740654192098,0.017562963814985233,-0.00391835454754503
2025-09-12,0.9968375132783619,0.5,0.5,0.011235910376080627,0.005257306484769353
2025-09-15,0.2890372547012041,-0.42192549059759177,-0.42192549059759177,0.0061258849469238985,-0.003045629756874064
2025-09-16,0.7042949813817383,0.4085899627634766,0.4085899627634766,0.0035272375318422533,0.0010259361251128292
2025-09-17,0.8847181117852049,0.5,0.5,-0.0046445482440198305,-0.0023679791406281767
2025-09-18,0.9619535394549893,0.5,0.5,0.03203293660995743,0.016016468304978715
2025-09-19,0.6860857805859794,0.3721715611719587,0.3721715611719587,0.04309566831880085,0.015975067938543013
2025-09-22,0.8390353728653379,0.5,0.5,-0.006443275472520216,-0.0032855519556741286
2025-09-23,0.0033199481847167416,-0.5,-0.5,-0.008332331793480807,0.0036661658967404036
2025-09-24,0.12143258107977502,-0.5,-0.5,0.018072995928489766,-0.009036497964244883
2025-09-25,0.011771009250094146,-0.5,-0.5,-0.005489112898051984,0.002744556449025992
2025-09-26,0.9477674424502022,0.5,0.5,-0.004031997224675621,-0.0025159986123378104
2025-09-29,0.2411345648608287,-0.5,-0.5,0.0007861188255666729,-0.0008930594127833365
2025-10-01,0.9928465309255734,0.5,0.5,0.00657666061710982,0.00278833030855491
2025-10-02,0.8898533617064487,0.5,0.5,0.0034612223931820285,0.0017306111965910143
2025-10-03,0.13394253752637947,-0.5,-0.5,-0.005154587353288997,0.0020772936766444987
2025-10-06,0.25782742233185757,-0.48434515533628486,-0.5,-0.0008180741481198517,0.00040903707405992584
2025-10-08,0.2329707815390428,-0.5,-0.5,-0.015577789314472068,0.007788894657236034
2025-10-09,0.6345499295369127,0.2690998590738254,0.2690998590738254,-0.034522080166306646,-0.009674436837225334
2025-10-10,0.8601540328574976,0.5,0.5,0.009744360696440912,0.004756730277757369
2025-10-13,0.23242361370447734,-0.5,-0.5,0.0004441597703503941,-0.0007220798851751971
2025-10-15,0.5001409526630202,0.0002819053260403326,0.0002819053260403326,-0.007580008893106838,-0.0002522777975414201
2025-10-16,0.9690063361337587,0.5,0.5,0.019559492412937862,0.009529887159131951
2025-10-17,0.12209628573809765,-0.5,-0.5,0.03943873008454002,-0.02021936504227001
2025-10-20,0.9875558436604199,0.5,0.5,0.002021044840732289,0.0005105224203661445
2025-10-22,0.950530827835638,0.5,0.5,0.004372119604812541,0.0021860598024062705
2025-10-23,0.9590848081467673,0.5,0.5,0.012481781799657865,0.0062408908998289325
2025-10-24,0.19580820904384597,-0.5,-0.5,0.02279122619072771,-0.011895613095363855
2025-10-27,0.41256333224223046,-0.17487333551553907,-0.17487333551553907,0.0007068280314419528,-0.00028616870773636707
2025-10-29,0.3548982154457386,-0.29020356910852285,-0.29020356910852285,0.006303231785351748,-0.0018868854778238558
2025-10-30,0.7127869076645134,0.4255738153290267,0.4255738153290267,-0.0037951319176879883,-0.0019729974621062176
2025-10-31,0.02897423757173374,-0.5,-0.5,0.0,-0.00046278690766451334
